source1_entity_id	matched_entity_ids
S1-53356671	S2-256033433,S2-453334141,S2-904412198,S3-468658814,S3-996978203
S1-320151505	S2-230628758,S2-951553277,S3-975397820
S1-938947364	S2-159830603,S3-268060208,S3-544960509
S1-195839862	S2-232134153,S2-344984473
S1-655046555	S2-113600604,S2-73156901
S1-758070915	
S1-169338169	S2-519047819,S2-626887099,S2-851548432,S3-295452308,S3-345350625
S1-796421498	S2-216890887,S2-602057050,S3-14934788,S3-327045131
S1-802535179	S2-112894591,S3-415785756,S3-770184671,S3-802505729,S3-867493275
S1-97176033	S2-682551972,S2-70702077,S3-325382850,S3-920892404
S1-983540069	S2-4190133,S2-859028958,S3-128967763,S3-18925596,S3-435171628,S3-611345729
S1-642488269	S2-216050037,S2-498910744,S3-341159746
S1-426953208	S2-346970078,S3-255726763,S3-330819499,S3-721846607
S1-818320211	
S1-33984562	S2-858316339,S3-128384129,S3-688680940,S3-851328079,S3-874541953
S1-709960468	S2-351050869,S2-519500095,S2-783218448,S3-347400419,S3-89755169
S1-986840295	S2-299296375,S2-434170203,S3-656046610,S3-881497081
S1-836296604	S2-589881795,S3-286106440,S3-357515885,S3-785125427
S1-975412735	S2-160071093,S2-688089654,S2-784038194,S3-454316628
S1-739708548	
S1-721469485	S2-194034279,S2-453647532,S3-285139890
S1-216733182	S2-403025276,S2-860721008,S3-221870645,S3-328673495,S3-83822646
S1-369198632	S2-282745196,S2-598158430,S3-469240895,S3-871488044
S1-589302928	S2-941440121,S3-621332247,S3-662229299
S1-527497541	S2-119862819,S2-285577649,S2-295208809,S3-101683680,S3-548056203
S1-951433056	S2-398388666,S2-491675548,S2-553635389,S3-99746792
S1-857232066	
S1-391683240	
S1-630149953	S2-115238959,S2-138839775,S2-229301244,S2-981531199,S3-518479504,S3-728742174
S1-207329319	S2-653613388,S2-696233561,S2-938952817,S3-358187913,S3-886772558
S1-822087158	S2-420347037,S2-609281890,S3-776441597
S1-843179540	S2-437941242,S2-474099966,S2-991925876,S3-411927854,S3-775857408
S1-322066165	S2-634792347,S3-173543094,S3-274394925,S3-505045156,S3-546040219
S1-426702569	S2-367489307,S2-985193882
S1-941261133	S2-83203538,S3-192129105,S3-738953043
S1-680416224	S2-157721942,S2-192452091,S2-211421430,S2-25466737,S2-316092476,S3-215120097,S3-524426555,S3-861958082,S3-919031316,S3-924824386
S1-867998778	S2-126598464,S2-648058432,S3-218494948,S3-807085228
S1-402860122	S2-362804159,S3-265205819,S3-454352686,S3-672251436
S1-175111461	S2-429308620,S2-838267419,S2-883484447,S3-473343865
S1-434607086	S3-363354607,S3-952040915
S1-752379599	
S1-213733425	S2-536341305
S1-329026161	S2-80967361,S3-158077522,S3-28962331,S3-396521727
S1-106307602	S2-559719590,S2-928217474,S3-721394838
S1-544555328	
S1-447199310	
S1-803297813	S2-318486847,S3-547830535
S1-192652606	S3-111087522,S3-259837296
S1-398469911	S2-803608580,S3-132247477
S1-193618187	S2-932603757,S3-106454164,S3-942460482
S1-585107938	S2-162466262,S2-444412919,S2-468881596,S3-644100647
S1-318862606	S2-631485860,S3-708261179,S3-747398297
S1-448653123	S2-256043546,S2-321553383,S3-781923734
S1-694830809	S2-409001265,S2-548592444,S2-729615137,S2-960545687,S3-156666432
S1-904306643	S2-827738149
S1-219732879	S2-582261003,S2-891547877,S3-501279927
S1-650696290	
S1-128350097	S2-121897499,S2-268413508,S2-522197637,S2-928954639,S3-171876122,S3-541751359,S3-789545794
S1-579996157	S2-930896111,S3-477056112,S3-593524067,S3-690341042,S3-932923135
S1-313448121	S3-159666196,S3-461845328,S3-667053896,S3-830195342
S1-612950538	S2-75882467,S3-40972739
S1-650879900	S3-416229334,S3-475076627,S3-878515090,S3-918664470
S1-476097182	S2-263574919,S3-721965677
S1-632088756	S2-180876391,S2-461454382,S2-515963441,S3-326643597,S3-44171274,S3-581108700,S3-668907666
S1-330427971	S3-285481739,S3-677085216
S1-997580527	S2-382686301,S2-540673118,S2-839824103,S3-822476660
S1-892236833	S2-371079433,S2-736348556,S3-433939171,S3-798281261
S1-557182088	S2-549413959,S3-260526660,S3-448205614,S3-677679839
S1-450636499	S3-248450431,S3-373544816
S1-109450074	S2-590754336,S3-805634465
S1-925859038	
S1-319998043	S2-194741763,S3-120821165,S3-152654301
S1-757078074	S2-308074507,S2-765988822,S3-834343867
S1-961351838	S2-209993110,S3-102679277,S3-226337568
S1-876916368	S2-994168459,S3-877739558
S1-340781155	S2-247010165,S2-389438141,S3-611301831,S3-871710005
S1-627975754	S2-450766897,S3-181595855,S3-571731962,S3-713556426,S3-743333234
S1-745738595	S2-320670540,S2-746582059,S2-787404353,S2-833256899,S3-207418140,S3-598823337
S1-221756656	S2-51555053,S2-580609242,S2-908433932,S3-830351025
S1-234478198	S2-116944637,S2-902268239,S3-198020998
S1-154182001	S2-230033349,S2-247485274,S2-253314738,S2-818625585,S3-441084163
S1-41261675	S2-112909029,S2-1991586,S2-849522794,S3-670469055,S3-905583106
S1-949002960	
S1-159871837	
S1-109666175	S3-918679344
S1-42246345	S2-112471943,S2-819580568,S3-541130211
S1-555507211	S3-740926425,S3-936751003
S1-141784862	S2-442397226,S3-483398348
S1-174146241	S2-311455014,S2-906926745,S2-937892947,S3-531792619
S1-445742098	S2-959822393,S3-11752980,S3-509812384,S3-625688924,S3-960862503
S1-937889575	S2-107328570,S2-108012694,S3-440743063,S3-698006124
S1-307581912	S2-805252835,S3-8720081,S3-901277278
S1-612342775	S2-10119839,S2-193952876,S2-515085270,S3-33480972,S3-484534511,S3-635806702
S1-1621510	S2-314337419,S2-40677644,S3-434940063,S3-893005957
S1-91560764	S2-554568494,S3-257099703,S3-262482921,S3-856092543
S1-222238684	S2-44323907,S3-808697220,S3-844839420
S1-568104900	S2-825251260,S3-327559435
S1-831407036	S2-762858172,S3-465050822,S3-779205248,S3-804786640
S1-324704727	S2-4097610,S2-593580304,S2-870032531,S2-986623822,S3-829364176,S3-843618513
S1-541260963	
S1-413260555	S2-973232185,S3-248852740
S1-727807753	S2-278420319,S2-417020449,S2-774962412,S2-980198703
S1-466668920	S2-630399297,S3-467864077,S3-594971383,S3-643607727
S1-545028787	S2-723073109,S3-592854960,S3-679221494,S3-698001501,S3-933613208
S1-687053526	S2-775580908,S3-870925053,S3-961163041
S1-743717387	S2-178418825,S3-571531937,S3-617911770
S1-905068683	S2-7826398,S3-337709335
S1-174434806	
S1-510688610	S2-169852354
S1-495839809	S2-405083104,S2-7179008,S2-904347956,S2-906933992,S3-589218934
S1-158753049	S2-350396364,S2-604264016,S2-787565878,S2-988324866,S3-460996033,S3-620804920
S1-739760170	S2-572884238,S3-863850182
S1-435586996	S3-998331090
S1-853829630	S2-192165102,S2-199320615,S2-548450721,S3-578200430
S1-301149309	S2-479284940,S2-892028152,S3-910381537
S1-281408668	S2-23692283,S2-8708548,S3-417634278,S3-512340800
S1-902829449	S2-421579400,S2-783020394,S3-470838240,S3-647338374,S3-715061360,S3-753093343
S1-945924704	S2-630911392,S2-752395454,S3-136097792,S3-65071031
S1-10802286	S2-190163962,S2-42078860,S2-439059133,S2-947156719,S3-35273010,S3-455820655,S3-624125246
S1-83402127	S2-272290151,S2-634293946,S2-66250431,S2-842916378,S3-608771162,S3-932443946
S1-833268125	S2-167701545,S2-81113534,S2-882047184
S1-983198006	S2-715901202
S1-892324295	S3-320226641,S3-514971547
S1-498567090	S2-221123001,S3-612982424
S1-710139409	
S1-881479733	S2-427613199,S2-946876207,S3-317678714,S3-591853542,S3-655428015
S1-821224291	S2-403506738,S3-803724907,S3-94785252
S1-214884127	S2-714063931,S3-851678404
S1-356842693	S2-774562917,S3-954262620
S1-542362386	S3-859540000,S3-909337052,S3-998017573
S1-663067533	S2-112495836,S2-143937181,S3-613211288
S1-121717159	S2-581361414,S3-234375408,S3-975316492
S1-491611009	S2-949398415,S3-133062970,S3-957300057
S1-44785280	S2-63149135,S2-925668631
S1-94703561	S2-156981301,S2-833716779,S3-30164381,S3-385935703,S3-768916154
S1-727589600	S2-893907046
S1-555331810	S2-244548978,S2-458703934,S2-927687234,S3-155250976,S3-816779763,S3-960742546
S1-393240482	S2-382298853,S2-474390649,S2-705247434,S3-969123865,S3-981138261
S1-321306005	S2-825693098,S3-143985594,S3-749042616
S1-153594731	S2-209658522,S2-499747271,S3-461953148,S3-465972250,S3-677554199
S1-353411751	S3-823764893
S1-133050338	S2-210899844,S2-978171371,S3-283192436,S3-491438751,S3-604998008
S1-459297936	S2-392101686,S2-564766778
S1-42402348	S2-134131481,S2-501907327,S2-941774179,S3-139894630,S3-464443424,S3-548317717
S1-792705717	S2-105866597,S2-603915580,S3-252526966,S3-750701606,S3-887582565
S1-954782176	S3-581942815,S3-858380605
S1-200332639	S2-723735383,S3-203804323,S3-578457144,S3-863717766,S3-988699529
S1-95744127	S2-656541052,S2-727073536,S3-179312137,S3-379039764
S1-745478909	S2-390800881,S2-609176450,S3-540352934
S1-530639460	S2-160221902,S2-765282118,S3-116575160,S3-619230254,S3-81271385
S1-159641046	S2-264454826,S3-471339326,S3-589342278
S1-914199557	S2-185023182,S2-783046182,S2-836441382,S2-907548123
S1-716043904	S2-309185915,S3-218083408,S3-832813727,S3-963643040
S1-84540973	S2-167124257,S3-185929397,S3-636020631,S3-840703614
S1-141683936	S2-51704406,S2-815837877,S2-885574157,S3-550874191,S3-575536882,S3-609656929,S3-639365964
S1-594942226	S2-257283762,S2-576245318,S2-768552033
S1-496780343	S2-701019903,S3-36834067
S1-164236538	S2-372227455,S3-12262859,S3-288089967
S1-316021079	S2-162024554,S3-354285826
S1-830776667	S2-700717343,S2-824357833,S3-342033400,S3-51066195,S3-985901686
S1-825411169	S2-549273139,S2-557996746,S3-694044969,S3-696894033
S1-839027913	S2-501866869,S3-323018721,S3-818830238
S1-443605421	S2-655911704,S3-273778002,S3-545102627
S1-733382831	
S1-948342376	
S1-975797180	S2-789778292
S1-823691936	S2-362017970,S3-386417737
S1-178294692	S2-425527496
S1-97942542	S2-904188636,S3-125936517,S3-223764583,S3-301989623,S3-719303312
S1-574959068	S2-555893480,S3-333067761,S3-504366718,S3-505201989
S1-980390394	S3-768457140
S1-113946951	S2-147442636,S2-444058342,S2-743654809,S3-270274320,S3-865998876
S1-878217034	S2-14589744,S2-675254935,S3-763838739
S1-250810347	S2-316942619,S2-595844832,S3-671251635,S3-8459068
S1-796234929	
S1-934003476	S2-468966787,S2-852821507,S3-894103431
S1-211535546	S2-1838652
S1-535840870	S2-532448975,S3-70344709
S1-623475769	S2-461264956,S2-521267627,S3-269194036,S3-639010776
S1-174234108	S2-537574794,S3-822360802,S3-999001990
S1-133479118	S2-922712876,S3-403644134,S3-493415409,S3-602673612,S3-709185163
S1-558794180	
S1-555388048	S2-405435509,S2-560732759
S1-5974875	S2-497689768,S3-34152919,S3-420381198,S3-714823926,S3-742960553
S1-631569262	S3-446499334
S1-985652160	S2-406642416,S3-504496235,S3-615826091
S1-210935903	S2-154679414,S2-388023430,S2-657153982,S2-704632322,S2-842875529,S3-121609463
S1-768015158	S2-114282129,S3-495891586,S3-723991522
S1-441023683	S2-433819177,S2-800718657,S3-46713055,S3-587092994
S1-595374997	S2-293208831,S2-876595795,S3-129082904,S3-253835378,S3-254800941
S1-142553519	S2-617761847,S2-852633529,S3-362159465,S3-445970061
S1-376563089	S2-363932959,S3-710856441,S3-769956447,S3-771984700,S3-813405622
S1-994289509	S3-648282718
S1-414912302	S2-368207193,S2-470166361,S3-50997154,S3-578444610,S3-59250381
S1-559563624	S2-103136730,S3-143138365,S3-655589957
S1-404995167	S2-692204351,S2-784386291,S2-878974315,S3-977252999
S1-576884583	S2-69954254
S1-997417869	S2-674549647,S3-733099800,S3-941535803,S3-950188607
S1-144223421	S3-277737449,S3-843705653
S1-30752064	S2-525997652,S3-347913674,S3-997789709
S1-393903055	S2-304655498,S2-54308139,S3-859477543,S3-867011668
S1-29349535	S3-592390368
S1-952865119	S2-107071192,S2-5062742,S2-740817160,S3-152288304,S3-17493899
S1-656898988	S2-267844540,S2-947183399,S3-407810504,S3-924611187
S1-195659370	S2-68815643,S3-262859400,S3-509992700,S3-774824867,S3-980478653
S1-192464263	
S1-272384681	S2-139165286,S2-552455873,S3-294708759,S3-400716514
S1-605340665	S2-488316674,S3-167093983,S3-774264294,S3-835696575
S1-723532322	S2-125281503,S2-273971803
S1-158534901	
S1-263753520	S2-171637668,S3-119522484,S3-334931219
S1-927745296	S2-16226755,S2-345025523,S2-523287186,S2-61006635,S3-103331717,S3-770133094,S3-781573127,S3-897153829
S1-669312620	S2-344470616,S2-519496063,S2-538737318,S3-346140386,S3-471956305,S3-706740554
S1-291922534	S2-594008761,S2-745482202
S1-108573058	S3-775817300
S1-320583870	S2-548949805,S2-630400131,S3-788033697
S1-513407139	S2-630586931,S2-712565474,S3-124122399,S3-147742565,S3-250902997,S3-812671546
S1-707412941	S2-340141239,S2-367258821,S3-31134626
S1-972452680	S2-524713333,S2-534126090,S2-979134871,S3-170757399,S3-625003577,S3-69294053
S1-260261988	S2-945576273,S3-121979776,S3-457916243,S3-464368280
S1-626837857	
S1-958016851	S2-526135,S2-763374177,S2-765180306,S2-879399136,S3-222487454,S3-394292531
S1-52005849	
S1-728807709	
S1-797337525	S2-197488254,S2-775898493,S2-918473326,S3-464059539
S1-237539441	S3-270619946,S3-709766062
S1-984429646	S2-220749359,S2-862561867,S3-458617417,S3-887261962,S3-975024769
S1-447521690	S2-536816939
S1-126022071	S2-256743409,S2-689638893,S2-75132969,S3-285643585,S3-41744905
S1-621207870	S2-226553410,S2-291615624,S2-633065101,S2-838673872,S3-142908372,S3-143802519,S3-328568381,S3-574449603
S1-9606988	S2-681517374,S3-667075096
S1-577633788	S2-367211974,S2-412569369,S2-908651346,S3-116965329
S1-356272103	S2-158782343,S2-306492852,S3-887173981
S1-45257038	S3-215010021,S3-410400124
S1-83476125	
S1-35908111	S2-392006261,S3-272846089,S3-76647500,S3-809113811
S1-902212841	S2-587547195,S2-732845460,S3-105714046,S3-570396210,S3-791462026
S1-635481769	S2-264720910,S3-594639667,S3-863773329
S1-901286612	S2-910529923,S3-85820406
S1-548791759	S2-973201092,S3-182770463,S3-470839242,S3-524673493
S1-148320332	S2-334699467
S1-890823887	S2-223216806,S3-521290915
S1-856168670	S2-647179457,S3-223975181,S3-779451178
S1-12240557	S2-262548013,S3-454073329
S1-73042441	S2-458498856
S1-727292749	S2-173884657,S2-188747718,S2-856957857,S3-238046816,S3-370952101,S3-454697448
S1-875966477	S2-802102314,S3-835120961
S1-580893806	S2-553181905,S3-750093551,S3-771260029
S1-979621542	S2-12991038,S2-658300587,S2-829775943,S3-315989076,S3-536475049,S3-681736651,S3-809456175,S3-999133820
S1-411111192	S2-470537881,S2-648012884,S3-768611541
S1-171226928	S2-518443780,S2-632375397,S2-92946079,S3-30327252,S3-564493388,S3-983818106
S1-187193171	S2-400696346,S2-711014162,S3-830623064
S1-132586451	S2-722956795,S3-966071880
S1-937822241	S2-25671971,S2-759759864,S2-809720179,S2-898950576,S3-486237414
S1-523368208	S2-209456276,S2-608149969,S3-752103864,S3-999874978
S1-86238158	S2-143882982,S2-256128343,S3-431919812
S1-720025982	S2-666552651,S3-804360428
S1-884351482	S2-393692597,S2-405969718,S3-130229744,S3-662705663,S3-894358799
S1-142550690	S2-978565028,S3-972100558
S1-716024722	S2-785881581,S3-97586276
S1-225015652	S2-151952707,S2-315432336,S3-378808623
S1-438115387	S2-340593119,S2-574617437,S2-576749365,S3-532784674,S3-8037418
S1-402965427	S2-648404217,S3-54093255,S3-56240680,S3-687498930,S3-770986740
S1-667264941	S2-754564101,S3-11054457,S3-810666500,S3-87887761
S1-46506909	S2-973316855,S3-69478476,S3-900110842
S1-24424354	S2-265988328,S3-628495258
S1-807990988	S2-109410959,S3-359179503,S3-378195972
S1-735574718	S2-16091054,S2-502994045,S2-744597756,S2-815455910,S2-902401508,S3-233895378,S3-57381672,S3-737304400
S1-621208988	S2-682448909,S2-900239073,S3-719006744,S3-722698281,S3-813502551
S1-443264302	S2-157878890,S2-356669636,S3-547639613,S3-912351493
S1-910659520	S2-475074856,S2-934015676,S3-240344162,S3-376539061,S3-662518335
S1-521782533	S2-285761233,S3-734272775
S1-516734255	S3-159238066,S3-797992142
S1-604240541	
S1-596665846	S2-76762829,S3-557619767
S1-144748187	S2-921645598
S1-843288007	S2-570131310,S2-815876096,S3-854644248,S3-897019038
S1-589298046	S2-986420260,S3-9144763
S1-718773450	S2-500315890,S2-731954306,S3-366300702,S3-994408477
S1-68764297	S2-553266993,S3-638732165
S1-499068091	S2-688370998,S2-705144353,S3-516872313
S1-690151152	S3-105209173,S3-150805296,S3-900607781
S1-139619805	S2-307706648,S2-61253037,S2-800233585,S3-103564473,S3-320100714,S3-924358017
S1-36216088	S2-418857877,S2-578207235,S2-735272154
S1-505753870	S2-711776087,S3-230234288,S3-929063348
S1-97540739	S2-368525598,S2-516339815,S2-791392248,S3-373736395,S3-728964461,S3-776493699,S3-872864359,S3-903685016
S1-803160097	S2-399026414,S2-734685354,S3-164793220,S3-557276971
S1-919165160	S2-109414699,S2-173741606,S2-816719529,S3-32866218,S3-936599683,S3-946877808
S1-577851772	S2-178235417,S2-685037457,S3-727729826,S3-870289314
S1-531107896	S2-577089889,S3-245654318,S3-707603412,S3-79513128,S3-951268820
S1-631690612	S2-668811814,S2-989014134,S3-19144056,S3-638199910
S1-505611155	S2-254299542,S3-310557605,S3-364447390
S1-410668413	S2-507190615,S2-737132769,S3-386196127,S3-493517158,S3-551388423
S1-875191914	S2-30774651,S2-730386403,S2-997756846,S3-17125433,S3-464017257,S3-941251931
S1-521084426	S2-265867205,S2-472050021,S3-172317902,S3-646557666,S3-919310924
S1-482245935	
S1-325243184	S2-146198659,S2-675073155,S3-479972241
S1-449397951	S2-673912478,S2-9158370,S3-206078520,S3-356643720,S3-575136050
S1-704422081	S2-808114481,S3-169003647,S3-503466532,S3-631163048,S3-800340524
S1-578353639	S2-605501962,S3-947637879
S1-230308182	S2-432506550,S3-33708227,S3-769340752
S1-942384126	S2-324934680,S2-365894137,S3-110868255
S1-361859792	S2-573726039,S2-810585553,S3-135249363,S3-45324372,S3-938952505
S1-140546152	S2-66500934
S1-980481856	S2-491411370,S3-457505674
S1-577222608	S2-215448464,S2-656459981,S2-77786627,S2-817843525,S3-424335247,S3-708011838
S1-317776099	S2-509580574,S3-421845319,S3-811718513,S3-876638792
S1-634246764	S2-522891341,S2-573624350,S2-903664407,S3-197968601,S3-30800438,S3-37877993
S1-26328906	S2-588546731,S3-830159945
S1-26257270	S2-607322546,S2-902564552,S3-211210772,S3-360227409
S1-360834742	S2-503908074,S2-861203099,S3-341145792,S3-538731244
S1-910995242	S2-230428579,S2-592650010,S2-828132065,S3-971376087
S1-177548932	
S1-934827282	S2-622552475,S3-724410749,S3-920704479
S1-622802949	S2-19975235,S2-570715630,S3-378145761
S1-679395886	S2-161225556,S2-213550124,S2-255148519,S2-369992716
S1-416197754	S3-276976568
S1-950328068	S2-783654262,S3-604575230
S1-172627624	S3-525263783
S1-611182218	S2-346736217,S2-353809916,S3-337523703,S3-557248952,S3-867234917
S1-863873241	S2-257167232,S3-131721676,S3-346407755,S3-879674866,S3-894401000
S1-296015030	S2-762867084,S3-469916613
S1-322655550	S3-192503740,S3-252624874
S1-677935743	S2-496283299,S2-578448963,S2-713880206,S2-895505638,S3-436821178,S3-78286800
S1-748801724	S2-371466552,S2-698956471,S2-995836248,S3-378477890,S3-452100535,S3-706986404
S1-816276493	S2-12142227,S3-10253337,S3-479142569,S3-744044534
S1-407432406	S2-220231252,S2-891824100,S2-957686084,S2-97191004,S3-195918970,S3-256200346,S3-74898938
S1-45563729	S3-679552690
S1-455886423	S2-401166227,S3-788721488
S1-438029307	S2-395530013,S2-569053927,S2-59682445,S2-949042788,S3-730384891,S3-841876706
S1-691616670	S2-107217870,S2-229208967,S3-806305714,S3-939665060
S1-764726689	S2-212940261,S2-32633855,S2-395653740,S3-698519941,S3-759799134
S1-919856265	S2-510314780,S3-300099091,S3-622551073,S3-953239724
S1-771021108	S2-403135359,S2-885695811,S2-906733202,S3-184302399
S1-56591462	S2-266712959,S2-866331575,S3-299086504,S3-299290019,S3-967350578
S1-155714047	S2-944837170,S3-569030469,S3-870561286
S1-959596193	
S1-294128479	S2-451707263,S2-546502538,S2-740342349,S3-538991460,S3-586179545
S1-425693286	S3-242418215
S1-561366941	S2-698358818,S2-956941579,S3-229478033,S3-718110537,S3-81732366,S3-901828542
S1-844770393	S2-577251835,S3-232558403,S3-479953326
S1-819320296	S2-978157066,S3-24940906,S3-485534086,S3-881089743
S1-246225268	S2-719794829,S3-272395505
S1-690051769	S2-357005012,S2-989163903,S3-142486674,S3-166248042,S3-622206124
S1-813170327	S2-574606516,S3-951679223
S1-448367080	S2-722589032,S3-536033420
S1-69952960	S2-217469811,S2-736471381
S1-387211283	S2-562053250,S2-610548732,S2-972895314,S3-624697545
S1-520722573	S2-998420561,S3-805470021
S1-539360652	S2-419628755,S2-540940810,S2-984857463
S1-166567943	S2-784068694,S3-612098144,S3-673342043,S3-991162658
S1-221963103	S3-749434807
S1-149175191	S2-655306966,S3-4580463
S1-430162043	S2-831291071,S3-435906091
S1-581606301	S2-116799176,S3-345947515,S3-511523251,S3-573066542,S3-929770206
S1-862712171	S2-206209826,S2-905428491,S2-926902571,S2-974735869,S3-793258563,S3-877969825
S1-582733437	S2-318811948,S2-415686278,S3-108916772,S3-68999863
S1-531429114	
S1-330042716	S2-513539427,S3-648863690,S3-965071737
S1-302558001	S2-221689670,S2-621960749,S3-451208408
S1-456427404	S2-345725843,S3-442326482,S3-718976159,S3-922003653,S3-928215963
S1-689977390	S2-109599074,S3-830410585,S3-848835491
S1-347000383	S3-311691124,S3-804323871
S1-790598760	S2-749113346,S2-984236088,S3-237380605,S3-47043354
S1-68170645	S2-538586895,S2-773927630,S2-89685361,S3-257996729
S1-619552943	S2-960216780,S3-143273381
S1-826880522	S2-129185477,S3-176899673
S1-140915305	S3-131579096,S3-922634740
S1-615265325	S2-524051596,S2-52423327,S3-606384253,S3-960639433
S1-270587511	S2-14411898,S2-821431553,S3-148952273,S3-19954425
S1-302247650	S2-640267097,S3-289282855,S3-739689314
S1-226577000	S2-120256320,S2-96377146,S3-286366713,S3-435104966,S3-471406258,S3-50414644,S3-703747401
S1-895602816	S2-102285263,S2-495815235,S2-795167029,S3-118656129
S1-170142243	S2-288111971,S3-578523134,S3-902600024
S1-236048105	S2-263787016,S2-796081032,S3-136800035,S3-169137908
S1-878786813	
S1-536435138	S2-673195186,S3-262384901,S3-671909315
S1-810086292	S2-475599354,S2-616033211,S2-684965383,S2-977811485,S3-667802512
S1-657519036	S2-331920032,S2-544458156,S2-95774315,S3-264563120
S1-533419421	S2-428375790,S3-324849460,S3-373346664,S3-924062635
S1-236909503	S2-614955104,S3-234441977
S1-725540710	S2-657902660,S2-671195116
S1-902926281	S2-155816868,S3-590705581,S3-640678011,S3-752680533
S1-856522775	S2-269803983,S2-776365599,S3-37729489,S3-870160908
S1-284516393	S2-101145583,S2-17380666,S2-249455107,S3-213234540,S3-710903268
S1-169164639	S3-333113488,S3-461269482,S3-698921924
S1-373896077	S2-116572044,S2-613600660,S3-105954325,S3-291502909
S1-746691693	S2-416200825,S2-518407282
S1-951832034	S2-408677307,S2-691046787,S3-287163256,S3-402101530,S3-51230522,S3-845426456
S1-753419143	S2-822352586,S2-941095079,S3-871746773
S1-767934955	S2-222939040,S3-788159926
S1-138351920	S2-128273531,S2-537264428,S2-807475812,S3-569863137,S3-820323500,S3-965010941
S1-311937192	S2-12646753
S1-845522274	S2-250512226,S2-319049444,S3-127091046,S3-205467537,S3-310770759,S3-972593387
S1-578174893	S2-655862106,S3-24164531,S3-955399846
S1-366004857	S2-41031181,S2-749620863,S3-232091326
S1-117321831	S2-229268750,S2-352623382,S2-822044097,S3-715615431
S1-145276542	S2-45513845,S2-593468467,S3-185468998
S1-522668889	S2-493290276,S2-628331506,S2-89049593,S3-129845560,S3-966339815
S1-817145938	S2-623383145,S2-868890712,S3-190523386
S1-661546405	S2-584423858,S2-719801437,S3-370440733,S3-534432126
S1-784973933	S2-154348047,S2-508973032,S3-744867054,S3-901586764,S3-999005331
S1-75923599	S2-44312769,S2-991992397,S3-139270367,S3-881554920
S1-973936431	S2-343303661,S2-59673302,S3-341693750
S1-155799136	S2-456416966,S2-639934596,S2-810027578,S3-344150764,S3-952412839
S1-614166735	S2-25291679,S2-836231990,S3-244407822,S3-609578756,S3-84053529,S3-974804011
S1-296275047	S3-775937311
S1-621241096	S2-527565372,S2-674262201,S2-771090528,S3-166402364,S3-700958179
S1-164586919	S2-196833241,S2-792014671,S2-863806703,S3-311020666
S1-327066467	S2-790247726,S3-322386930,S3-799716154
S1-655668963	S2-407692499
S1-726365524	S2-168981801,S2-554119899,S2-84819724,S2-96577363,S3-913119857,S3-938695779
S1-228653601	S2-328815826,S3-355030069,S3-433957485,S3-60044945,S3-696916480,S3-89100901
S1-610913484	S3-668897902,S3-692598374,S3-942661821
S1-253227957	S2-801647785,S3-335967923
S1-805836305	
S1-929565562	S2-921187374,S3-16923308,S3-822416158,S3-940793859
S1-293970681	S2-933710746,S3-379233957
S1-859649679	S3-398927335,S3-929487580
S1-296237987	S2-116503479,S2-153307795,S2-641484158,S3-739124653,S3-811620250
S1-511076246	S2-100727491,S2-752334650,S3-460884632
S1-176616076	S2-679266499,S3-717822860,S3-841073006
S1-720812004	S2-177124233,S3-263528154
S1-888728503	S2-684996088,S2-956107214,S3-109760215
S1-56622125	S2-305266914,S2-633381170,S2-644437072,S3-279812093
S1-858859994	
S1-438777523	
S1-202359521	S2-796056399,S3-14054909,S3-147711174
S1-739429454	S2-507404002,S2-650330400,S3-355696140,S3-510393955,S3-593845391,S3-651226938,S3-796673341,S3-940465385
S1-60889636	S2-327785594,S2-386874693,S2-568672826
S1-725284847	
S1-705048374	S2-814689684,S2-881512613,S2-886794092,S3-535933616,S3-573553097
S1-250070625	S2-977759409,S3-520298562,S3-789143446
S1-836720513	S2-309579138,S2-54944062,S2-919500367,S3-558122737,S3-670037219
S1-670137434	S2-764089767
S1-320133494	S2-299739866,S3-169074849,S3-702293784,S3-735994693
S1-724970812	S2-57319272,S2-918382864,S2-974643076,S3-213835616,S3-234882594,S3-842154250,S3-863793742
S1-296416408	S2-147922412,S3-188551640,S3-481168873,S3-562025620,S3-588175833
S1-94816449	S2-452728171,S2-788970928,S3-241280708,S3-822434069
S1-522995114	S2-662095840,S2-994075397,S3-914834449
S1-49584394	S2-153767532,S3-224494923
S1-504862013	S2-643765455,S3-257517051
S1-927470261	S2-322053301,S2-861361793,S3-741911317
S1-417777542	S2-722199212,S3-142047535,S3-263235595,S3-364053902
S1-822548240	S2-311952042,S3-278089488,S3-788054641
S1-76427580	S2-501217318,S2-581867874,S3-463331089
S1-281569207	S2-158818962,S2-461693500,S2-781447259,S3-416342971,S3-975921478
S1-460718306	S2-169777024,S2-891689945,S3-664601597,S3-827676518,S3-998005988
S1-24195381	S2-672242056,S3-230301627
S1-994417851	S2-645708553,S3-552934419
S1-595558619	S2-460847085,S3-711664808,S3-756979148,S3-84758919
S1-707916403	S2-578195413,S2-663381482,S2-781180829,S3-740918157
S1-258608264	S2-147351634,S3-227155621,S3-99318454
S1-163249957	S2-31859358,S3-317047386,S3-404613688,S3-869674570
S1-431442616	S3-598348652
S1-191510054	S2-543220170,S2-879662215,S3-713391404
S1-775889398	S2-14480944,S2-620027920,S2-623347108,S3-372010271,S3-597572013,S3-950204307
S1-239085040	S2-359364213,S2-757381363,S3-409847568,S3-546793705
S1-233112957	S2-122876908,S3-660962904
S1-769619488	S2-137951905,S3-983711437
S1-939490688	S2-510278810,S3-940133236,S3-942354631
S1-71284994	S2-554485628,S3-169422534,S3-946195194
S1-752839022	
S1-457241467	S2-174194033,S3-736361542
S1-208682389	S2-13335367,S2-824336574,S2-98296923,S3-401976049
S1-938848060	S2-8505349,S3-196600168,S3-341995220
S1-144525073	S2-776849644,S3-162022375
S1-738203185	S2-169007811,S2-602763425,S2-715773823,S2-727313208,S3-22437747,S3-44401346,S3-649074748
S1-799097253	S2-633151184
S1-199702910	S2-750934992,S3-49154213
S1-222606235	S2-122923810,S3-851277886
S1-79664859	
S1-449387618	S2-400895768,S2-72346167
S1-538689048	
S1-408870056	S2-283733615,S2-707431008,S3-743550734
S1-341475409	S2-416266384,S3-179745767,S3-243721076,S3-425002410,S3-589832210,S3-905149744
S1-65784613	S2-430843013,S2-870858692,S3-366308608,S3-374081180
S1-178656456	S2-471284169,S3-103827885,S3-558261193,S3-597286025
S1-681098662	S2-972487412,S3-185836145,S3-690117229,S3-946742405
S1-25666003	S3-217048423,S3-560461891
S1-384396621	S2-681847073,S3-246244568,S3-53997183,S3-714847380
S1-976485117	S2-742581448,S3-158047009,S3-229686554,S3-300802275,S3-76938773,S3-920032449
S1-157075971	S2-211121716,S2-88445784,S3-308729184
S1-177669122	S2-436763530,S3-785645002,S3-789633012
S1-574597330	S2-353486049,S3-580335535,S3-619531009,S3-745396525
S1-277796692	S2-783812745,S3-282301003,S3-285396785,S3-931387448
S1-192066115	S2-142190454,S2-292025329,S3-18096391,S3-341494805
S1-618704174	S2-629206912,S3-2388650,S3-456151183
S1-72281536	S2-292254072,S3-904319926
S1-45252741	S2-391248156,S2-418222556,S3-104517610,S3-189098914,S3-517276128,S3-573324446,S3-886802183
S1-450618700	S2-488046128,S3-361833418,S3-81937983,S3-999092654
S1-202578176	S2-621330435,S3-722014919,S3-869257198
S1-910304460	S2-843028669,S3-472183393
S1-669638688	S2-241788197,S2-380051803,S2-592880634,S3-594613696,S3-884790295
S1-158409228	S2-289636573,S2-438243225,S2-591929534,S2-935677414,S3-241428461,S3-286244424,S3-286615172,S3-882252107
S1-637622185	S2-391502671,S3-316008266,S3-907287816
S1-644155092	S2-530455006,S2-625797360,S2-774543773,S3-389775316,S3-544982980,S3-904866792,S3-987033562
S1-123330682	S2-152311009,S2-8518609,S3-289481789,S3-465098617,S3-786618059
S1-649238538	S2-109380656,S2-241271291,S2-389881931,S3-168733158,S3-804472385
S1-196124805	S2-485936525,S2-521967779,S2-862601602,S3-528767013
S1-752578023	S2-304149748,S2-836505568,S3-570273831
S1-525094023	S2-736941983,S2-909653095,S2-926788796,S3-259578593
S1-743485548	S2-288976453,S2-452376154,S3-193154350,S3-358409177
S1-684607059	S2-728240350,S2-756862093,S3-892983076
S1-442809021	S2-332956096,S2-398233214,S3-222385080,S3-644696108
S1-835747291	S2-229145917,S2-661564098,S2-897130762,S3-932295144
S1-623993543	S2-358855638,S3-155968076
S1-130345826	S2-248029871,S3-46003470,S3-645038980
S1-764114843	S2-226483266,S2-335456808,S3-148568146
S1-294321565	S2-229819698,S3-805614339,S3-837548855
S1-390616880	S2-496380591,S2-838954784,S3-272941894,S3-373533724,S3-409577402
S1-60823411	S2-260026808,S2-486098610,S2-52265545,S3-223742508,S3-357344248,S3-601941917,S3-952640420
S1-877250577	S2-165232913,S2-780578205,S3-777455192,S3-820830441
S1-145490067	S2-386430024,S2-542369725,S3-230421305,S3-345085995
S1-41843797	S2-934987433,S3-259209156,S3-455841462,S3-750578843
S1-64285241	S2-58433036,S2-90782816
S1-397274285	S2-535624502,S2-8487397,S3-267304710,S3-96540038
S1-157731220	S2-755819310,S3-235867354,S3-34073840,S3-55984273
S1-120775250	S2-105058030,S2-352607441,S2-459038369,S2-891203438,S3-61217742,S3-658260238,S3-738328936
S1-413962509	S2-373779619,S3-206031335
S1-714642946	
S1-918990522	S3-37447706
S1-442262521	S3-268675162
S1-68161416	
S1-449790619	S2-919220369,S3-22609629,S3-792143524
S1-590773946	S2-861367011,S3-724938879,S3-874472735
S1-365396425	S2-235104006,S2-797146183,S3-130267472
S1-56556913	S2-129238611,S3-266026719,S3-487427006
S1-277743177	S2-594873304,S3-217533456,S3-714974839,S3-961848194
S1-377309209	S2-545617299,S2-645633135
S1-802842698	S2-578745332
S1-750009570	S2-199021946,S3-8739771
S1-734851410	S2-151308060,S3-158304607,S3-557176192
S1-941108817	S2-148325253,S2-455871992,S2-524514857,S3-130183293,S3-962950016
S1-503306856	S3-766314654
S1-945037506	S2-861259394,S3-163000717
S1-585559117	S2-346589632,S3-747068282
S1-865816013	S3-485151156,S3-514143521
S1-269770838	S2-166871057,S2-937303585,S3-19801856,S3-24573458
S1-706039440	S3-345386702
S1-75954230	S2-948225940
S1-310630315	S2-904402020,S3-117131502,S3-243473927,S3-916379142
S1-517683305	S2-258719094,S2-870253909,S3-475029927,S3-538952673,S3-919275552
S1-456378342	S2-126159778,S2-415166705,S3-314377473
S1-915983478	S2-720429286,S2-779807793,S2-963010721,S3-260311321
S1-23347444	S2-18963029,S2-918682208,S3-115477799
S1-219386036	S3-220033600,S3-737508475,S3-898578101
S1-710558824	S2-361173142,S2-82895538,S3-569156167
S1-521713985	
S1-344152319	S2-25350937,S3-613342865,S3-952342593
S1-819543364	S2-681113457,S2-698566187,S3-395811222,S3-77329533
S1-195880082	S2-419854416,S2-455340020,S3-449317669,S3-620297324
S1-57693310	S2-150232100,S2-571846710,S3-169898620
S1-153609913	S2-355579218,S2-463135355,S3-221664304,S3-292098750,S3-509638887
S1-792872528	S2-537622018,S2-895574799,S3-386494024
S1-86843521	S2-440154835,S2-848928551,S3-646213630,S3-702949791
S1-940151781	
S1-838870863	S2-2065988,S2-331547391,S2-423365706,S3-658367585,S3-779858601,S3-786605790,S3-801184026
S1-769453592	S2-935347509,S3-192678983,S3-644589287
S1-819980199	S2-946024273,S3-626618436,S3-761303907
S1-886381285	S2-361019153,S2-814405422,S2-930678566,S3-408286960
S1-377912796	S2-174749893,S2-924309076,S3-107968680,S3-404913044
S1-920346567	S2-240652440,S2-763174972,S3-573108688,S3-787100319,S3-951344251
S1-219765772	S2-359968183,S2-73475891,S3-363685397,S3-985947781
S1-564556684	S2-856062910,S3-142684195
S1-499777510	S2-753205658,S3-260201275
S1-503885567	S3-233843295,S3-726903495,S3-896592941
S1-392417866	S2-22726394,S2-41519359,S2-685515868,S2-770103531,S3-176181204,S3-890454919
S1-109396190	S2-498322747,S2-842970431,S3-486283136,S3-791205322,S3-990886801,S3-998513627
S1-866741616	S2-585650677,S3-673388311
S1-541652796	S2-773814500,S3-377484195,S3-962839251
S1-996507806	S2-116324647,S2-847992560,S3-241703178,S3-717246589
S1-139401572	S2-4195066,S2-546649066,S3-298983021,S3-741971330,S3-950867925
S1-997120663	S2-507750810,S2-994370228,S3-272539764,S3-670359773,S3-93858821
S1-303213003	S2-800084063,S2-936287283,S2-992350911,S3-60794510,S3-896404476
S1-806485693	S2-764286034,S3-104773719
S1-809240291	S2-176793659,S2-998866703,S3-158846260,S3-450271183
S1-184137996	S2-261336053,S2-604887916,S3-398386668,S3-673093972,S3-710622639
S1-174290728	S3-334495956,S3-383468836
S1-258969920	S2-359037077,S2-796352072,S3-240757396,S3-354457674,S3-752472641,S3-989821180
S1-984025934	S2-507287370,S2-628091481,S2-966386143,S3-313079213,S3-86793640,S3-97838567,S3-990195188
S1-713416149	S2-21493091,S2-647338340,S2-951487367,S3-245442044,S3-569900257,S3-744986958
S1-272254334	S2-806245277,S3-107362621,S3-649403553
S1-160812869	S2-77516376,S3-108068657,S3-842837153
S1-792896996	S3-246043699,S3-752590254,S3-755276261
S1-346681735	S2-370056126,S2-421049955
S1-203772241	S2-30874922,S2-537317398,S2-619184087,S2-861997455,S3-209197328,S3-810179605
S1-839348084	S2-691979440,S3-114150597
S1-716080061	S2-308187284,S2-52938642,S2-813246029,S3-559387084
S1-599310463	S2-184453112,S2-924708653,S3-679184843
S1-373635517	S3-947694541
S1-419167253	S2-101902970,S2-428717747,S3-214801883,S3-734299305
S1-188134909	S3-135506976,S3-139997234,S3-476847136
S1-360503863	S3-245459673,S3-358711159,S3-697099534
S1-86441125	S2-425523866,S2-548486958,S3-168671974,S3-363640650,S3-413464455,S3-95863556
S1-787719241	S2-858354524,S3-703197377
S1-892952625	S2-249655095,S2-314971829,S2-494615324,S3-272930521,S3-860164513
S1-918713810	S2-561824231,S2-736137170,S2-83057284
S1-228884127	
S1-391814388	S2-121271277,S3-53709772
S1-586172272	S2-115376155,S2-284132288,S2-762119244,S3-156588948,S3-245510192,S3-476760931
S1-988708229	S2-707158229,S2-894790939
S1-121332262	S2-30385528,S3-148053658,S3-226620680,S3-327152351
S1-719693602	S2-856007932,S3-570765955
S1-174657	S3-128008293,S3-218448202
S1-834864420	S2-439776720,S2-503381842,S2-651524412,S3-412507701,S3-692422930,S3-857179791,S3-89638034
S1-183878283	S2-789226248,S2-8382760,S3-479556783,S3-606973969,S3-796640923
S1-111004357	S3-366986772,S3-54424857
S1-336713437	S2-444713926,S2-680507036,S3-433049048,S3-460725413,S3-785285082
S1-125627390	S2-209176813,S3-634832082,S3-641376499
S1-402272627	S2-733943092,S3-590995040,S3-831581600
S1-167098629	S2-153823849,S2-681518764,S3-227962487,S3-296084531
S1-715888147	S2-615018618,S3-304799102
S1-76146608	S2-731798175,S3-611398337,S3-987921206
S1-552611163	S2-505027039
S1-461462917	S2-326582224,S2-493624048,S2-586815125,S3-186066121,S3-3336714,S3-365252656,S3-775202212
S1-769557971	S2-308435748,S2-332444191,S2-671910180,S2-788939541,S3-261514236,S3-562670371,S3-668091884,S3-954912425
S1-393893683	S2-29702641,S2-806548925,S2-858660470,S3-617528981
S1-202503754	S2-253976027,S2-340146945,S2-410213908,S2-514444327,S2-830698718,S3-185853560,S3-280940689,S3-389460829,S3-680689290
S1-17463957	S2-399261475,S2-956607497,S3-827363192,S3-835462857
S1-600526776	S2-170289426,S2-483300875,S2-957562492,S3-149054551,S3-770808282
S1-877792801	S2-987807449,S3-349250100
S1-557732888	S3-51434313,S3-551924161,S3-605275924,S3-982486206
S1-256795949	S2-546349204,S3-298359339
S1-865704860	S2-425840854,S2-938788648,S3-163483850,S3-287582952,S3-313047310,S3-355650906,S3-792938654,S3-868649926,S3-952260600
S1-810734839	S2-119011500,S3-244783304,S3-867569716
S1-594559549	S2-470262564,S2-571585757,S3-301206769,S3-703937841
S1-245023930	S2-129457197,S2-637111758,S2-83099065,S2-889619707,S3-345912159,S3-919954258
S1-370712658	S2-406613999,S2-510938652,S3-21931624
S1-155840225	S2-640883675,S3-115915832,S3-430146803,S3-45917131,S3-523530588,S3-531151141
S1-152731297	S2-377938746,S2-493051152,S2-902844225,S3-399978436,S3-641648111,S3-891372463
S1-637685044	S2-282755275,S2-720950466,S3-356734271,S3-549057080
S1-724608342	S2-587748873,S3-868149099
S1-136933096	S2-207870499,S2-398021126,S2-866518535,S3-417307748,S3-83826747
S1-595528482	S2-897700073,S3-356441967,S3-714712507,S3-789669465
S1-652185060	S2-548788584,S3-974721406
S1-75762876	S2-59326140,S2-669074651,S3-313157124,S3-35168866
S1-992567987	S2-901223558,S2-947950779,S2-957936048,S3-210848250,S3-614360710,S3-687213973
S1-534799627	S2-569407312,S2-914849378,S3-22575463,S3-23921995
S1-228398068	S2-725697999,S3-841336357
S1-700383051	S2-460986271,S2-996620656,S3-192725946,S3-662987550
S1-713283744	S2-792984369,S3-21962216
S1-472872032	S2-284837701,S3-292287572,S3-344625492
S1-300912906	S2-368760782,S3-238164062
S1-739775071	S2-64815057,S3-188657047,S3-224938812,S3-555504729,S3-595434168
S1-502039482	S2-708364396,S2-797257199,S2-884552066,S3-68237486,S3-689635019
S1-96425143	S3-984609390
S1-583094024	S2-269224248,S2-687057839,S3-148950695,S3-553170067,S3-695226866,S3-748402326
S1-761643903	S2-717809662,S3-577387748
S1-778726773	S2-634541090
S1-569268640	S2-347278420,S2-969880193
S1-952774802	S2-10226180,S2-854387168,S3-880488284
S1-155033161	S2-108148444,S2-740918574,S3-347575702,S3-380699791,S3-758241684
S1-434956269	
S1-9568196	S2-114881528,S2-316408957,S3-45978255
S1-76507658	S2-192196269,S2-199917633,S2-208015340
S1-288143358	S2-392636252,S2-754934483,S2-839876436,S3-274927598,S3-382909824,S3-52298530,S3-572966455,S3-846912110
S1-382861164	S2-676596968,S3-17495277,S3-374363503,S3-754679139
S1-291109440	S2-794460251
S1-39113532	S3-467386492
S1-451119317	S2-21502080,S3-19815285,S3-237141577,S3-711000375,S3-804233376
S1-360877297	S2-418968185,S2-9454718,S3-332824886,S3-628056015
S1-465007516	S2-279419784,S2-94667719,S2-988482740,S3-773129949,S3-807766003
S1-892739871	S2-487802918,S3-362197035,S3-521282332
S1-568546215	S2-245631206,S2-728165215,S3-192212207,S3-719445262
S1-7646325	S2-109579023,S2-808464735,S2-828492462,S2-992160407
S1-142161944	
S1-597096405	S2-643386673,S3-555405995,S3-854346042
S1-504261681	S2-155056488,S2-79285582,S2-944428013,S3-32527493,S3-400442937,S3-594124389,S3-98429597
S1-839680533	S2-166266175,S2-267062728,S2-752175640,S2-794999316,S3-723503170,S3-892087197,S3-959662523,S3-998317620
S1-84668021	S2-706975881
S1-776954181	S2-611935473,S2-757621935,S3-488237354,S3-516491500
S1-247267200	S2-399323341,S2-515628895,S3-117967737,S3-28688511
S1-215958440	S2-526218184,S3-939697009
S1-785596927	S2-647664053,S2-945178830,S3-207472608,S3-39781502
S1-255499373	S2-530795636,S2-885649228,S2-932707839
S1-489543846	S2-138426743,S3-924726929,S3-966650162
S1-185502834	S2-337275476,S2-446557062,S3-545244572
S1-623858923	S2-853579960,S2-953732029,S2-955479758,S3-321682015
S1-823741381	S2-58990080,S2-721918476,S3-559310547,S3-741560270
S1-103306793	S2-186650811,S2-844623850,S3-569625706,S3-658852159
S1-384915150	S2-108422085,S2-157358394,S3-507102499
S1-207084028	
S1-491036425	S2-679140983,S3-12484751,S3-824154616,S3-876097943
S1-34181833	S2-462431990,S3-244796689,S3-576267101
S1-702568540	S3-45493171
S1-498976806	S2-194713447,S3-495661913
S1-415628732	S2-758308282,S3-320564168,S3-351152963
S1-51279149	S2-534279441,S2-5356410,S3-500452745,S3-610056135,S3-633472822
S1-549815345	S2-804590895,S3-390556129
S1-563260368	S2-179933565,S3-101613543,S3-593720600,S3-60124360
S1-961234533	S2-169302112,S2-408754016,S2-648390444,S2-913946536,S3-118368016,S3-323332349
S1-651994278	
S1-372675685	S2-356226953
S1-748240635	S2-2562172,S3-3742928
S1-33537044	S2-439782541,S2-703571182,S3-96795992
S1-719875326	S3-114218815,S3-91974392
S1-965220880	S2-702719930,S3-27905705,S3-555129043,S3-599211801
S1-405520008	S2-733571442,S2-923785025,S3-460400982
S1-259841007	S2-481366303,S2-65362385,S3-207447074,S3-372778420
S1-847347269	S2-257762746,S2-534332374,S2-681334894,S2-869028410,S3-107576086,S3-227455433,S3-535116618
S1-714440011	S2-505459302,S3-399524528,S3-970744474
S1-775803070	S2-464320557,S2-682214945,S3-610385758
S1-195080397	S2-261132122,S2-697800349,S3-221786955,S3-427100407,S3-885176570
S1-837652863	S2-79410728,S3-187667100,S3-548232818,S3-708590293
S1-165879099	S2-327347383,S2-400493204,S3-441779672
S1-149898575	S2-219498817,S2-887657633,S3-933183664
S1-733371127	S2-252698327,S2-568981868,S3-209469104,S3-539490541
S1-271817074	S2-7470083,S3-125997147,S3-354287361,S3-570259660
S1-717996570	S2-644557130,S3-169905071
S1-867117724	S2-111990908,S2-120423309,S2-99777232
S1-642004710	S3-279917847
S1-502781798	S2-238722533,S2-277904545,S3-563795183
S1-152672519	S2-40333680,S3-381544741,S3-844891644,S3-881927691,S3-983010097
S1-749067273	S2-147597700,S2-737523787,S2-967249485,S3-185086847,S3-569341847,S3-774132357
S1-934706080	S2-539797174,S2-728326356,S3-477999931
S1-150089224	S2-949724056,S3-400790586,S3-655070981
S1-335301031	S2-211145788,S2-448236984,S3-794706278
S1-581088143	S2-247550762,S2-323802851,S2-685574633,S2-735148041,S3-902946857
S1-915540133	S2-301017229,S2-327039717,S2-82967891,S3-464012311,S3-549070126,S3-926917633
S1-485746878	
S1-193577408	S2-601789983,S3-152515064,S3-678414323,S3-788045302
S1-202442008	S2-533448274,S2-80056537,S3-659080786,S3-832983780
S1-647072167	S2-224087352,S2-522052970,S2-642232023,S3-539491698,S3-550600723,S3-958920797
S1-955841937	S3-303712116,S3-709155747
S1-702623830	S2-591093417,S3-332219915,S3-829447981
S1-908044271	
S1-581169009	S2-161558142,S2-473280780,S2-802063325,S3-395250899,S3-398255581
S1-530544910	S2-137671220,S2-552789269,S3-398630095,S3-944871297
S1-203955016	S2-242114245,S2-242193740,S2-396085677,S2-911994188,S3-26196282,S3-296037036
S1-428622363	S2-342718417,S2-370601468,S2-850068158,S3-9936635
S1-56989020	S2-192857282,S2-219682463,S2-52372336,S2-853245626,S3-142867134
S1-241389619	S2-201857567,S2-670119851,S3-472806882,S3-486567268
S1-209008446	S2-37848567,S2-464453661,S2-992532092,S3-126144852,S3-353524462
S1-9730963	S2-165977841,S2-768021392
S1-386601124	S2-674639677,S2-705504637,S3-594893391,S3-660179965
S1-407542251	S2-721025894,S2-751003448,S3-869684768
S1-482632930	S2-447041363,S2-466036489,S3-335022110,S3-426126889,S3-521304055
S1-924302858	S2-652313008,S3-611193392,S3-956975734
S1-938180046	S2-53603175,S2-659887383,S3-185830354,S3-649908877,S3-958738783
S1-741105843	S2-506544694,S2-759909124,S3-626634961
S1-697138545	S2-243239635,S2-483730262,S2-583581365,S3-176929729
S1-444858095	S2-564484372,S2-961949166,S3-372466094
S1-969403285	S2-357075986,S2-545662886,S2-779346514,S3-867737351
S1-479161107	S2-13132039,S2-49850640,S3-39451796
S1-310278174	S2-147249259,S3-102277272
S1-20876055	S2-124172060,S2-317481128,S2-73444334
S1-226090714	S2-38619156,S3-732345507,S3-796332798,S3-868321467
S1-558219253	S2-894761114,S3-166949745,S3-72999449,S3-918947657
S1-973078151	S2-517469621,S2-613224956,S2-979310766,S3-439312690,S3-544763532,S3-559728240
S1-471700224	S2-827461283,S2-978971631,S3-514031002,S3-799568899,S3-916380547
S1-588225957	S2-747575632,S3-171910255,S3-381837220,S3-453259107,S3-459613034
S1-912991887	S2-29312169,S2-604090922,S3-993991292
S1-504933019	S2-69219149
S1-404079969	S2-672526973,S3-209918859
S1-419922883	S2-748151670,S3-474237833,S3-519134920
S1-149756625	
S1-132449362	S2-737533548,S3-199994911,S3-417150594,S3-43403457,S3-740677107,S3-890956063,S3-953333893
S1-679713048	S2-739670459,S3-325343968,S3-546457242
S1-883760053	S2-619267810
S1-936115324	S2-235324443,S2-263688085,S2-926874499,S3-522310195,S3-973173239
S1-830650781	S2-352189198,S3-622834834
S1-390872819	S2-352623889,S2-462510815,S2-539266338,S3-748335272
S1-292684571	S2-627958031,S2-76303055
S1-651483834	S2-453351217,S3-424949927,S3-809549272,S3-836599150
S1-145562720	S2-206802660,S2-428458146,S2-649199587,S3-172008014
S1-291654549	S2-454835742,S3-90360043
S1-699460640	S2-690890088,S3-55848313
S1-509859051	S2-242916969,S2-889547058,S3-435423320,S3-69146257
S1-831456529	S2-383835776,S3-212295443,S3-329776460,S3-894138821,S3-93939404
S1-45275723	S2-130718985,S2-466114429
S1-869319064	S3-790191261
S1-854063113	S2-314605924,S3-274133370
S1-21164424	S2-13606653,S2-260357546,S2-580671099,S3-247752040
S1-810962623	S2-210381624,S2-571700196,S3-581048467,S3-625469386,S3-890718422
S1-947563235	S2-646891361,S3-151348292,S3-222537562,S3-51759537,S3-631477158
S1-175389879	S2-316849021,S2-759264960,S2-891593356,S3-427380869,S3-722464448
S1-626949347	S2-328243888,S2-967700098
S1-963573260	S2-269005803,S3-346286357,S3-956972725
S1-361048423	S2-506731445,S2-831169888,S3-502448593
S1-383737004	S2-350202349,S3-980877971
S1-520027791	S2-262629705,S2-719582544,S3-261795938,S3-876679255
S1-48068006	S3-590418668
S1-860418255	S2-117975400,S2-35748681,S2-986705579,S3-121672349,S3-827718285,S3-99625301
S1-475183963	S2-678168181
S1-191209328	S2-565620456,S3-584137725,S3-99060690
S1-524084751	S2-762430078,S2-930822949,S3-95939324
S1-408941682	S2-314317780,S2-400262516,S2-543086165,S2-737762637,S3-547926341
S1-386550076	S2-287343500,S3-214660836
S1-748867572	S2-150090208,S2-573190638,S2-631220695,S3-179178329,S3-726962279
S1-586802916	S2-463583099,S3-178727963,S3-677994013,S3-876317807
S1-843199788	S2-629466393,S2-659469104,S2-934398537,S2-955174524,S3-162843413
S1-252570434	S2-997838077,S3-780395818,S3-788042948
S1-400898759	S2-561199584,S3-112210786
S1-92120993	S2-430605888,S2-490821141,S2-533054080,S3-294886213,S3-974592399
S1-734475733	S2-163768752,S3-281881400,S3-445245176
S1-34603018	S3-162199234
S1-421140629	S2-94497003,S3-125287699,S3-188489616,S3-379138037
S1-61939087	S2-383609200,S2-421905325,S3-230100035,S3-522899841
S1-328875820	S2-326520804,S2-663383586,S2-831772790,S2-83298080,S3-390924743
S1-93843316	S2-563073,S2-641570604,S2-835653830,S2-839706772,S3-446557194,S3-807887946
S1-243964430	S2-352204337
S1-970720582	S3-925315481
S1-71184815	S2-169503815,S2-434897211,S3-121313897,S3-883422015,S3-953045012
S1-153485613	S2-392610613
S1-537410650	S2-381830694,S2-394590932,S2-585519925,S2-6182325,S2-639844702,S3-364817782,S3-45333811,S3-871471218
S1-164081713	S2-320022558,S2-353412345,S2-86251493,S2-900805264,S2-940155859,S3-293482044,S3-947621347
S1-614013818	S2-236853424,S3-303939088,S3-977141681
S1-135251474	S2-181184985,S2-29839348,S2-343790643,S3-428216887,S3-924378606
S1-271049848	S3-915377057
S1-919750282	S2-214837895,S2-951414308,S3-46484309,S3-516417565
S1-88307124	S2-357582639,S2-610048427,S2-933345792,S3-979326327
S1-114144410	S2-46323170,S3-281576467,S3-980141555
S1-717921191	S2-240034173,S2-346393084,S2-627244679,S2-777583088,S3-486716648
S1-240637747	S2-153943935
S1-419625791	S2-238869418,S3-931777085
S1-576393711	S2-817374918,S3-165452142,S3-30005277,S3-497227706
S1-160393706	S2-869711874,S3-528894740,S3-534513182
S1-851051313	S2-102743925,S2-616064436,S3-590110449,S3-60530210,S3-853781828,S3-863114139
S1-468461684	S2-165987917,S2-429045520,S3-165362667,S3-322247857,S3-331791236
S1-960182443	S2-457877771,S2-850046906,S3-886122066
S1-425569447	S2-10734256,S3-17462469
S1-67490113	S2-289261959,S2-906091656,S3-688285022
S1-894269774	S2-369535625,S3-573723665,S3-633158653
S1-800301400	S2-476753419,S2-721685553
S1-140176981	S2-603186246
S1-355343805	
S1-31505100	S2-241349919,S2-518180138,S2-992285252,S3-137936234,S3-262063563,S3-321037673,S3-640278991
S1-443154384	S2-781289854,S2-994491779,S3-12964700,S3-62940186,S3-637551365
S1-52701010	S2-497277606,S2-924412925,S3-23835236
S1-215328816	S2-447467378,S2-99948078
S1-12075135	S2-886461076
S1-525096876	S2-522952035,S2-826779599,S3-433755974,S3-860531453
S1-159104980	S2-779507242,S3-216175149
S1-233316635	S2-628597238,S2-769385729,S3-295896909,S3-532157697
S1-394705639	S2-135005185,S3-597078852
S1-682811460	S2-55354660,S3-695283631
S1-233578344	S2-312914942,S3-814533832,S3-954198404
S1-464679420	S2-359897550,S2-620641441,S3-329870174,S3-646291094,S3-857633380
S1-704010386	S2-710715630,S3-746562682
S1-274659648	S2-772983988,S2-778291045,S3-173727206,S3-211856633,S3-218749853,S3-2537869,S3-304749447
S1-141941354	S2-307833066,S2-74007998
S1-753165522	
S1-114307063	S2-345419606,S3-886699862
S1-223404776	S2-104707989,S3-134062377,S3-487826712,S3-532304714,S3-860262430
S1-967303502	S2-984365715,S3-484487622,S3-64405343,S3-943110723
S1-544019441	S2-742004627,S2-958736361,S3-177906458,S3-788798267,S3-84023392
S1-630494536	S2-605458161,S2-951317162,S3-117524287,S3-78735580
S1-243732195	S2-118798004,S3-842214075
S1-671071076	S2-174511934,S2-440443694,S2-991227428,S3-340715606,S3-383776336
S1-243418626	
S1-787776209	S2-327481681,S2-41922818,S2-853050643,S3-27419945
S1-331714707	S2-444646415,S2-647840742,S2-853756024,S2-935213094
S1-312677351	S2-211807217,S2-408994894,S2-463523896,S3-420917708
S1-925425921	S2-85909696,S3-476583742,S3-486666662,S3-498486114
S1-880561678	S2-130875855,S3-58751681,S3-906013436
S1-401153469	S2-152010346,S2-2400848,S2-836028736
S1-779954871	S2-317665841,S2-812505364
S1-445075595	S2-389320395,S2-624007789,S3-105444830,S3-686743946
S1-434719296	S2-701891242,S2-859747961
S1-701583396	S2-343152285,S2-482400830,S2-550622607,S3-193946989,S3-327922333
S1-247284513	S3-748392598
S1-805319803	S2-134516401,S2-533735008,S2-780112789,S3-667879692
S1-667017397	
S1-14516084	S2-122537832,S2-134650115,S2-318969298,S3-342694025
S1-367291716	S3-135476577
S1-283806184	S3-38134376,S3-850721431
S1-530966759	S2-16703479,S2-909863156,S3-232760534
S1-885988979	S2-439326583,S2-44330691,S2-55989037,S3-52818672
S1-169612171	
S1-751724860	S2-29628731,S2-312371064,S2-605497584,S3-708913303
S1-118502154	S2-315738138,S2-570840006,S2-576729383,S2-84462712,S3-592354415,S3-896803713
S1-215012656	
S1-251057654	S3-518071932,S3-902123532
S1-839132383	S2-189428245,S2-654625655,S2-755517043,S2-820114399
S1-98323209	S2-31507054,S2-899557202,S3-658731440,S3-763434414
S1-801289176	S2-115544728,S3-64785079,S3-699672063,S3-761267408
S1-299748202	S2-436844992,S2-525249842,S3-159636646,S3-530397638,S3-848526598,S3-865555337
S1-514059871	S2-857440200,S3-448637357,S3-617126829
S1-422237198	S2-635968531,S3-15538015,S3-416046132,S3-886984399
S1-839336653	S2-60561143,S3-775670348,S3-886455424
S1-754857741	S2-665614545,S2-679054284,S2-815021964,S2-851499190,S3-172713559,S3-330603979,S3-526702042
S1-358500669	S2-37824669,S2-391870916,S2-715804224,S3-214125577
S1-559395449	S2-324409229,S3-21736943
S1-990135066	S3-863995751
S1-512305382	S2-299747925,S2-984571934,S2-997750951
S1-208831154	S2-289436444,S2-600974031,S2-956241979,S3-687684601,S3-894165708
S1-788224716	S2-966500811,S3-61950744
S1-838440848	S2-999281875,S3-413087318
S1-717843167	S2-185889193,S2-378511617,S2-747723658,S3-431323688,S3-750195769
S1-351397229	S2-960730056,S3-133689594,S3-372769834,S3-649177624,S3-660103955
S1-839132496	S2-135902629,S2-302388709,S3-623393251,S3-840812804
S1-455565134	S2-479672062,S3-551575520,S3-780315611,S3-792519134,S3-854887663
S1-198675986	S2-215620421,S2-337672180,S2-957213140,S3-358091796,S3-971948820
S1-871380077	S2-639481062,S2-839466792,S3-112746484,S3-214287859,S3-426826515,S3-430060456
S1-774249108	S2-450721474,S2-659008083,S2-942242671,S3-488346839,S3-751644206
S1-55102023	S2-26769586,S2-678252225,S3-268574725,S3-740133508
S1-491138472	S2-197200716,S2-788106715,S3-43710305,S3-67035158,S3-726933950,S3-928683234
S1-388065298	
S1-40508795	S2-114177474,S2-303541169,S3-761871191,S3-999788629
S1-705906271	S2-37772896,S2-838272304,S2-951004133
S1-780189346	S2-582090526,S3-258463183,S3-825532605
S1-895531389	S2-155647822,S2-461083137,S3-206401112,S3-287471998,S3-546138393
S1-524655338	
S1-198841366	S2-264172545,S2-361825718,S3-221405273,S3-287756305,S3-328628579,S3-433098719
S1-383136037	S2-400936747,S2-471516390,S2-496557831,S2-869072984,S3-168271921,S3-400901023,S3-545022863
S1-13979681	S2-667437916,S3-182961272,S3-224700639,S3-370107246,S3-582970491
S1-237349399	S3-5913767,S3-727677120,S3-752350413
S1-251910741	S2-930977422,S3-830309493
S1-26895703	S3-160266941,S3-265226738,S3-783412388
S1-781103531	S3-124985388
S1-766065023	S2-155017593,S3-389196434,S3-749813412
S1-287054505	S2-387835753,S2-645081203,S3-581173831,S3-86015745
S1-91376895	S2-221008466,S3-900851657
S1-896507413	S2-220447747,S2-505379864,S3-20014743,S3-597887235
S1-708650047	
S1-900266870	S2-367315504,S2-494407778
S1-77242710	S2-142708346,S3-368456951,S3-579611758
S1-175157350	S2-35990836,S2-70843907,S2-770737964,S2-873479366,S3-62487358
S1-868534636	S2-102009837,S2-213342835,S3-701467166,S3-816866891,S3-828041254
S1-506616855	S2-616546129,S2-763242816,S3-156785651,S3-553018477,S3-554312555
S1-852814239	S2-825593787
S1-460943174	
S1-860787094	S2-48817210,S3-274156141
S1-10580196	S2-34357118,S2-806153030,S3-449154622,S3-736117903
S1-963274337	S2-272873790,S2-446930748,S3-940110775
S1-356575341	S2-898748309,S3-121040654,S3-194611471
S1-790108889	S2-734183474,S3-807007721
S1-854054479	
S1-933589924	
S1-268709477	S2-651843716,S2-876606034,S3-299234423,S3-346824940,S3-850630297
S1-424158750	S2-567418524,S3-382878313,S3-412802247
S1-448291320	S2-245901527,S2-302323060,S2-380211955,S3-635368177
S1-927050231	S2-198607490,S3-608509462,S3-626806149
S1-905106256	S3-235644811,S3-468668668,S3-493282980
S1-43179162	S2-120023144,S2-815974424,S3-390487584,S3-801248360
S1-328828277	S2-350086796,S2-571164874,S3-304478476,S3-761215046
S1-940169277	S2-670416036,S2-765562924,S3-796149383
S1-573427830	S2-140481620,S3-309315952
S1-949050538	S2-405531401,S2-406810865,S2-569448794,S2-786472208,S3-485150334,S3-492426669
S1-286101444	S2-478435478,S2-79917819,S2-982780815,S3-800957565
S1-37388827	S3-277821506,S3-368210811,S3-825947548
S1-446225826	S2-207294263,S2-54053377,S2-843558420,S3-220186083,S3-352324784,S3-79486964
S1-736969873	S2-510042048,S2-695759722,S2-920398532,S3-618524114,S3-69609194,S3-910481787
S1-133902932	S2-763470160,S3-323523450,S3-702219540,S3-743717620
S1-342223702	S2-601304093,S2-674769801,S2-912995593
S1-996966863	S2-721194052,S2-878795478,S3-279978205,S3-597801641,S3-842080279
S1-495551624	S2-467602358,S3-509147535,S3-630125731
S1-514444026	S2-579197774,S2-65837570,S2-723119802,S3-452941833,S3-763047849
S1-15576435	S3-127354316,S3-56400796,S3-595733963,S3-666528741
S1-912114336	S2-241737906,S3-267392929,S3-623673269,S3-820111364
S1-551615800	S2-215703608,S2-22476218,S2-296702818,S3-518989322,S3-546998874,S3-563157578,S3-968806559
S1-11200670	S2-177604414,S2-25447874,S2-369084871,S2-738200287,S3-244281758,S3-71207220
S1-965524997	
S1-797453242	S2-542190910,S2-814147029,S3-276412206,S3-40377827,S3-786914043,S3-865263494
S1-66521471	S2-37948874,S2-467678357,S3-242611697,S3-369626098,S3-576246957
S1-343753883	S2-864258832,S3-806781586,S3-815974584
S1-331873768	S3-281429709,S3-355618840
S1-743842828	S2-162840285,S3-307443730,S3-317125176
S1-57328953	S3-168948,S3-53446548,S3-798425927,S3-915725003
S1-781264920	S2-329213774,S2-847623484,S3-36824892
S1-166440928	S2-157507310,S2-696672788,S3-212466187
S1-426137654	S3-321244810,S3-517135813
S1-83679816	S2-779517126,S2-912532342,S3-405978591,S3-86915556
S1-786985867	
S1-616475804	S2-579645614,S2-697305117,S2-976236968
S1-524347427	S2-46880115,S2-754052979,S3-303550858,S3-861922066
S1-228806910	
S1-285451793	S2-152166487,S2-441216250,S3-120585447,S3-799729676
S1-890237042	S2-243586118,S3-886603461
S1-117047297	S2-72804007,S3-123086714,S3-436977034,S3-782456081
S1-15105893	S2-331353744,S3-186654634,S3-902049188
S1-624983672	S2-467840850,S2-66196373,S2-880548117,S2-976577942,S3-363585027,S3-845097458,S3-931804603
S1-145485432	S2-13808676,S2-488475367,S2-634532139,S3-363174297,S3-546652758
S1-918127060	S2-738463284,S2-801608659
S1-597079008	S2-795274572,S3-386233034,S3-509436145
S1-146312018	S2-33125209,S2-674092319,S2-80272729,S2-903060443,S3-800549082
S1-91646506	S2-30125547,S2-509013322,S3-186651762,S3-327808564,S3-881324999
S1-343340671	S2-355136487,S2-514131258,S2-659078314,S3-134805820
S1-964043943	S2-134576009,S3-688260510
S1-969793169	S2-222503340,S2-776472199,S2-784328059,S3-502179780,S3-892224292,S3-950476804
S1-682844169	S2-614739100,S2-971786365,S3-311772041,S3-863172260
S1-396923246	S2-55463095,S3-721218343,S3-722311611
S1-128777239	S2-541493234,S3-597241168,S3-812276599
S1-781048233	S2-383624316,S2-486325875,S3-592262902
S1-608369126	S2-941068402,S3-367414779
S1-673686433	S2-869581219,S3-161083555,S3-480159282
S1-623177460	
S1-446442890	S2-23793272,S2-398586515,S2-408831827
S1-756532295	S2-220702891,S2-291052369,S2-643237415,S2-660432026,S3-838888736,S3-870310984
S1-229036658	S2-250168979,S2-852127544,S2-953857311,S3-340140608,S3-400410906
S1-112998882	S2-117547978,S2-683423806,S3-107221991,S3-650253746,S3-864464833
S1-766278627	S2-569382122,S2-572506212,S3-637521983
S1-389061762	S2-384479925,S2-514004063,S2-85688632,S3-47173868
S1-351106191	S2-131275777,S3-416693816
S1-959673805	S2-260843358,S2-965431294,S3-565138211,S3-80197339,S3-936302297
S1-918368145	S2-648346180,S2-825657399,S3-971686579,S3-984340352
S1-430513984	S2-245891108,S2-820388259,S2-860350267,S3-325132240,S3-587486578
S1-867672249	S2-71609308,S3-632096639
S1-130957177	S2-408866262,S3-506259467,S3-537445841,S3-585852181,S3-923212746
