entity_id	business_name	business_address	country
S1-53356671	Pediatric Medicine PLLC	4850 20, Otisco, NY	US
S1-320151505	Fetech National Twin	19034 Woodburn Road, Woodburn, IN	US
S1-938947364	General Design Innovations LLC	7241 Osage Avenue, Mesa, AZ	US
S1-195839862	Construction Ideaz Papers Private Limited	Building No.4/606, Prabhul Cottage Karimbalur, Elakamon, Ayiroor P.O., Thiruvananthapuram, Trivandrum, Kerala	India
S1-655046555	Penaloza and Bittle First Inc.	4255 Charleswood Avenue, Memphis, TN	US
S1-758070915	National Investments LLC	1641 Virginia Lane, Hueytown, AL	US
S1-169338169	Reus Idaho Company	Sanford, ME, 31 Guillemette Street	US
S1-796421498	Creative Projects Limited	12Thfloor, C, 1204, Roya Oasis, Jankalyan Nagarmalvani, Nr Billabong School, Malad W, Mumbai, Mumbai City, Maharashtra	India
S1-802535179	Goar Stone LLC	2105 Wood Ridge Cove, Cedar Park, TX	US
S1-97176033	Lakshmi Consultants Private Limited	A-301, New Sai Dham Chsl, Ramdev Park Road, Thane, Maharashtra	India
S1-983540069	Ss Technology Private Limited	Shop No. 1164, Pvt No.2, First Floor Kucha Mahajani, Chandni Chowk, Delhi, Central Delhi, Delhi	India
S1-642488269	Rebbecca's Family Practice	2514 Messick Drive, Goshen, IN	US
S1-426953208	Heritage Society LLC	139 Fort Graham Road, Whitney, TX	US
S1-818320211	Rozy Media Limited	Survey Number 127/P1, Opp, 66 Kv Ss, Varetha, Mahesana, Kheralu, Mahesana, Gujarat	India
S1-33984562	Slate PLLC	735 Charlton Street, Southbridge, MA	US
S1-709960468	Apex Center	4 Hillside Court, Coxsackie, NY	US
S1-986840295	M 9 Certified Giant LLC	4122 Scenic Drive, Dickinson, TX	US
S1-836296604	Coromandal Marketing Private Limited	G-3, Neel Madhav, Valji Ladha Cross Road, Near Hiera Mongi Hospital, Mulund (W), Mumbai, Maharashtra	India
S1-975412735	Preferred Business Systems Inc	Loudoun County, 23355 Florina Court, VA	US
S1-739708548	Dream Investment Pvt Ltd	2A, 2Nd Floor, Windcliffe, 50 D Peddar Road, Cumballa Hill, Mumbai, Mumbai City, Maharashtra	India
S1-721469485	Primary Care Center of Staten Island Inc	130 Hunter Avenue, Staten Island, NY	US
S1-216733182	Spak Brothers	304/A, Shyamal Kunj 2, B/H Arya Shri, Opp Pentagon Appartment, Rajkot, Gujarat	India
S1-369198632	Federman Chimera Associates	Charlotte, 9214 Arbor Creek Drive, NC	US
S1-589302928	Munoz & Kaufman Inc	408 Hancock Street, Richmond City, VA	US
S1-527497541	Alpha Care Limited	Maharashtra, A 204 Sawali Co Op Hsg Soc Plot 41 Sec 5 Khargar, Raigarh, Khargar	India
S1-951433056	Dv College	Shop No 408, Third Floor, Shopprix Mall, Sector 5, Ghaziabad, Uttar Pradesh	India
S1-857232066	Ayra Traders Pvt Ltd	No. 2-131, Gulbarga, Karnataka, Opp. Hasnapur Camp, Post Divalgudda, Shorapur, Yadgir	India
S1-391683240	Patriot Tire Shop Group	Patriot, OH, 280 Wright Road	US
S1-630149953	Ss Construction Private Limited	Flat No. 904, 'A' Wing, Pristine Fontana Building S. No. 22, Behind Maratha Mandir, Bavdha, N Khurd, Pune, Maharashtra	India
S1-207329319	Dido Johnson Affiliated LLC	12 Meeting House Lane, Unit 204, Scituate, MA	US
S1-822087158	Bhopal Consultancy Limited	39, Old Ashoka Garden, Near Church, Raisen Road, Bhopal, Madhya Pradesh	India
S1-843179540	Cecile M. Roberts, Ph.D.	196 Reservoir Avenue, Westfield, MA	US
S1-322066165	Heartland Goldman	704 Carolina Street, Hoxie, AR	US
S1-426702569	Niranjan Apparels Pvt. Ltd.	No.143, 3Rd Main, Avalahalli, Bda Layout, Bsk 3Rd Stage, Bangalore, Bangalore South, Bangalore, Karnataka	India
S1-941261133	Ricciardelli, Hilda C., O.D., PC	21303 Sr 81, Spencerville, OH	US
S1-680416224	Tech Infotech Private Limited	Sri Siddi Vinayaka Apartm, Telangana, Karimnagar, Karim Nagar, 8-6-375/3/8	India
S1-867998778	Premier Sunrise International Private Limited	House, 40/445, Mamangalam, Palarivattom P.O, Ernakulam, Ernakulam, Kerala	India
S1-402860122	Virat Allied LLP	Sixth Floor - 610, Lilamani Corporate Heights, Near Brts Bus Stop, Vadaj, Ahmedabad, Gujarat	India
S1-175111461	Dermatology Medicine LLC	1051 Van Buren Avenue, Indian Trail, NC	US
S1-434607086	Sun Infra	F-387 F-387, Transport Nagar, Lucknow, Uttar Pradesh	India
S1-752379599	Morgan's Bike Shop	2491 Rose Peak Drive, Tucson, AZ	US
S1-213733425	Tech Indo Projects Limited	C-128, Singh Bhoomi Colony Khatipura, Jaipur, Rajasthan	India
S1-329026161	Elite Property Services LLC	2005 Gallaudet Street, Washington, DC	US
S1-106307602	Dental Green Clinic	655 Mesa Drive, Unit 1104, Mesa, AZ	US
S1-544555328	Whitlock Clean Pineapple Inc	1431 Cullumber Street, Gilbert, AZ	US
S1-447199310	Surgical Partners	1120 151st Lane, Goodyear, AZ	US
S1-803297813	Keor Management Inc	351 Itasca Street, Wood Dale, IL	US
S1-192652606	Developers Mangalam Automobile Pvt Ltd	No 08 1St Main, 1St Cross, K. V. S Layout, Bangalore North, Bangalore, Karnataka	India
S1-398469911	Sushma India	C/O Beena Kumari P, Sai'S 2366923 Paral Rd Cly Var, Po Kuthuparamba, Kannur, Kerala	India
S1-193618187	YWH Convertible LLC	6220 Harvest Street, Springfield, OH	US
S1-585107938	Kolkata Services Limited	70 71 Nainan Para Lane, Kolkata, Calcutta, West Bengal	India
S1-318862606	Ace Intelligence Technologies Inc	Earle, 919 Arkansas Avenue, AR	US
S1-448653123	Hannon Energy Group	TX, 2908 St Charles Drive, Mansfield	US
S1-694830809	Saran India Private Limited	House No. 253 Block Road Ekma, Ekma, Saran, Bihar	India
S1-904306643	Atlantic Desert National PC	16 Corcoran Court, Syracuse, NY	US
S1-219732879	OIS Services Ltd	Kamman Halli, 1St Floor 5Th Main, Kullappa Circle, No.8, Bangalore, Karnataka	India
S1-650696290	Chanda Secure Convertible Inc.	157 Montague City Road, Greenfield, MA	US
S1-128350097	Fu, Emmert & Perkins Oaktree	1710 Mount Hood Street, The Dalles, OR	US
S1-579996157	Secunderabad (india) Pvt. Ltd.	6-1-284/4/103, Dinesh Apartments Padmarao Nagar, Secunderabad, Hyderabad, Telangana	India
S1-313448121	Signature Nutrition Group	2006 Presbury Street, Baltimore, MD	US
S1-612950538	Florissant Urgent Care Partners	3816 Colonel Pickering Court, Florissant, MO	US
S1-650879900	Mandie Deberry Scientific Inc	1300 Chestnut Road, Seven Hills, OH	US
S1-476097182	Wolfe's Hypnosis Group	7 Beachside Common, Westport, CT	US
S1-632088756	AH Agro Private Limited	Site No. 4, Golden Industrial Layout Kaniyur Village, Coimbatore, Tamil Nadu	India
S1-330427971	Gerrity and Davis Wintergreen LLC	AR, Weldon, 1000 Weldon Avenue	US
S1-997580527	Lassetter Cion LLC	17319 Cr 6, Coshocton, OH	US
S1-892236833	Rrs Textiles Private Limited	Mundeth House, Marottichodu, Kalady P O, Aluva, Kerala, 17/543/A, Ernakulam	India
S1-557182088	Annamarie Trautman, Esq., PC	1608 Kansas Avenue, Roswell, NM	US
S1-450636499	Arihant Technology Private Limited	Sno-21/1, 21/3 Flat-C/22, Ganesh Garden, Dapodi, Pune, Maharashtra	India
S1-109450074	Hex (India) Enclave LLP	405, Cloud 9 Towers, Sector-1, Vaishali, Ghaziabad, Uttar Pradesh	India
S1-925859038	Express Wireless Innovations	204 Wayside Court, Bedford, TX	US
S1-319998043	Lyreon Sterling Inc.	560 Boyero Avenue, Pueblo West, CO	US
S1-757078074	SA Enbridge Inc.	17119 Carriage Dale Court, Spring, TX	US
S1-961351838	Cascade Health Center LLC	313 Locke Street, Woodsboro, TX	US
S1-876916368	Capital Group P.C.	927 Willow Springs Dr, Lyndon, KY	US
S1-340781155	International Food Private Limited	Gujarat, Plot No. 6/1919, Surat, 3Rd Floor, Office No. 302, Prayosha Apartment, Jadakhadi, Mahidharp, Ura	India
S1-627975754	Meridian	9 Pitts Street, Natick, MA	US
S1-745738595	India Srinivasa Tiles Pvt. Ltd.	Bldg No. 5 Room No. 15, Bmc Colony, Shivaji Nagar, Kherwadi, Bandra (E), Mumbai, Mumbai City, Maharashtra	India
S1-221756656	FX Producer Pvt. Ltd.	C1-2/1125, Sabari Enclave, Bpl Junction, Koottupatha, Palakkad, Kerala	India
S1-234478198	Anubhuti Facility	Plot No 222, Telangana, Balanagar, K.V.Rangareddy, H No 14-1-90/222, Jayalakshmi Villa, Andhra Bank Street, Gayatri Nagar, Borabonda, Hyderabad	India
S1-154182001	Reeva Industries Group	8-21-Ant-502, Narava Road, 8Th Ward Giddlur, Giddalur, Prakasam, Andhra Pradesh	India
S1-41261675	Shook Frontier Newhold Inc	5707 Sora Lane, MD, Riverdale	US
S1-949002960	Direct Allspring	10100 Sheridan Road, Owasso, OK	US
S1-159871837	Dynamic Municipal	Indianapolis, IN, 8510 Castle Ridge Lane	US
S1-109666175	Village Of Somers Community Services	7809 12th Street, Village Of Somers, WI	US
S1-42246345	Bright Systems Private Limited	1St Floor, Shree Krishna Akshaya Mansion Complex No.9, 27Th Main, Btm 1St Stage, Bengaluru, Bangalore, Karnataka	India
S1-555507211	KS Enterprises Private Limited	Plot 1412, Chanakyapuri, Sainik Colony Pushpa Raj Sumitra Sadan Gola Road, Patna, Bihar	India
S1-141784862	Peralta Pioneer Keen, LLC	29523 Water Willow Trace Drive, Spring, TX	US
S1-174146241	Frontier Patriot Molecular Inc	240 Cedar Lane, Clarksville, AR	US
S1-445742098	Letourneau Neurosciences	9993 Alleghany Road, Unit Site 1067, Darien, NY	US
S1-937889575	Clyify Spark	8530 22nd Avenue, Unit 2126, Phoenix, AZ	US
S1-307581912	Ambrose Commodity LLC	63 Betsy Drive, Islip, NY	US
S1-612342775	Little Barbershop L.L.C.	12149 Lewis Circle, Forney, TX	US
S1-1621510	Complete Transit Enterprises LLC	Heath, 1174 Hebron Road, OH	US
S1-91560764	Asset Building Trust	741 3rd Street, Wakeeney, KS	US
S1-222238684	Future Estate Private Limited	214/1 Pidartali Ward No. 1, C T E I Road In Front Of Daal Mil, Singrauli, Madhya Pradesh	India
S1-568104900	Namaha Brothers Pvt. Ltd.	23/25, Dhun Building, Office No. 102, First Floor, Janmabhoomi Marg, Opp. Janmabhoomi Bhava, N, Fort, Mumbai, Mumbai City, Maharashtra	India
S1-831407036	Future Finance Private Limited	Promotor- Ah -35, Salimar Bagh, New Delhi, Delhi	India
S1-324704727	OQ Purpose Co	D-7, Phase Iii Garden Homes Alkapuri, Gwalior, Madhya Pradesh	India
S1-541260963	3-Point	105 Morgan Drive, Windsor, NC	US
S1-413260555	Arora Business Private Limited	Flat No 801, Rachana Sayantara- Ii Hajaripahad, Nagpur, Maharashtra	India
S1-727807753	Golden Yoga	UT, 4029 Olympic Way, City Of Holladay	US
S1-466668920	Therine Morales Clear Foods Inc	326 5th Street, Oswego, NY	US
S1-545028787	Nashville Historical Council	226 Dellrose Drive, Nashville, TN	US
S1-687053526	Mumbai Herbal Pvt Ltd	Parksite Colony Road No 1, Mumbai, Mumbai City, Maharashtra, Lower Depot Pada Vikhroli (W)	India
S1-743717387	West Harbor Southwest Inc	IL, 14136 Faulkner Court, Plainfield	US
S1-905068683	Lakshmi Investment Private Limited	55, Bhiku Building, Veer Savarkar Marg, Prabhadevi, Mumbai, Maharashtra	India
S1-174434806	Taylor's Diagnostics	1352 Brooklyn Avenue, Brooklyn, NY	US
S1-510688610	Brown, Kasey, D.D.S.	1726 Briarmanor Drive, Ofallon, MO	US
S1-495839809	Lotus Business Private Limited	No. 33/3, Banaswadi Road Extension M.S Nagar, Bangalore, Karnataka	India
S1-158753049	Premier Keystone Pacific Inc	41 Bulfinch Street, Unit 1, Lynn, MA	US
S1-739760170	Mah Enviro Private Limited	Flat No 1105, S No 69/1A/1A, Building No C2 Ganga Satellite Wanawadi, Pune, Maharashtra	India
S1-435586996	Tech Energy Private Limited	No.310, Andanappa Circle, Thotadaguddahalli, Bangalore North, Bangalore, Karnataka	India
S1-853829630	Ward Ridge Signs LLC	9365 Harrison Street, Des Plaines, IL	US
S1-301149309	Class & Co	407, Pukhraj Corporate, Opp. Nawlakha Bus Stand Near Prashant Hotel, Indore, Madhya Pradesh	India
S1-281408668	Carpenters Union Local No 961	3620 Old Birds Creek Road, Unit 9, Sevierville, TN	US
S1-902829449	East Properties Private Limited	428, Mastermind1, I.T Park, Royal Palms, Aarey Colony, Goregaon East, Mumbai, Mumbai City, Maharashtra	India
S1-945924704	Chokshi Brokers Private Limited	Raniganj Municipality, West Bengal, N.S.B.Road, Raniganj, P.O.Raniganj, P.S.Raniganj, 61/29/N3, Bardhaman	India
S1-10802286	814-815 South Owners Corp	NC, 218 Lovelace Road, Forest City	US
S1-83402127	Raj Global Limited	611 - A, Tulsiani Chambers, Nariman Point, Mumbai, Mumbai City, Maharashtra	India
S1-833268125	Fortune Foundation Private Limited	Plot No.-4535/6198 Gudianali, Dhenkanal, Orissa	India
S1-983198006	Creative Premier Tankers	109 Wild Ginger Trail, Chattanooga, TN	US
S1-892324295	Rn Brothers Ltd	K.V.Rangareddy, C/O Rudra Raju Rama Raju, Seri Lingampally, Telangana, Block-2 Flat Number 2608	India
S1-498567090	Gonzalez's Fitness	Port Bolivar, TX, 1017 Monkhouse Drive	US
S1-710139409	EGM Technica Private Limited	Plot No: 262/B, Sri Ram Nagar, Serilingampally, K.V.Rangareddy, Telangana	India
S1-881479733	Perkins Owl Inc.	33430 Fm 506, La Feria, TX	US
S1-821224291	Galaxy Global Private Limited	Archit Royal Apt, Mahatma Nagar, Nashik, B-401, Maharashtra, Nashik	India
S1-214884127	Orthopedic Highland Medicine LLC	14 Stafford Court, Loudoun County, VA	US
S1-356842693	Smart Consulting	16/79 D Civil Lines, Kanpur Nagar, Kanpur Court, Kanpur Nagar, Uttar Pradesh	India
S1-542362386	Royal Media Pvt Ltd	Shop No.-15, Pooja, Shoping Complex, Saharanpur, Uttar Pradesh	India
S1-663067533	Mccarty Family Office LP	4040 Don Julio Boulevard, North Highlands, CA	US
S1-121717159	Beacon Rapid Grid	226 Como Avenue, Columbus, OH	US
S1-491611009	Anchor Chemical Group	NY, 2 South Street, Unit Apartment 3, Beacon	US
S1-44785280	Urology Care Associates	NY, Brighton, 2279 Johnsarbor Drive	US
S1-94703561	Pramod College Private Limited	Room No. 602, 6Th Floor Gaikwad Heights, Beside Bhagirathi, Thane, Maharashtra	India
S1-727589600	Good Indo Investment Limited	Panchamrut Building No E/204, Kavesar Waghbill, G B Road, Thane, Maharashtra	India
S1-555331810	Alpha Tech Private Limited	Sy No. 449/E, Dommara Pochampally Medchal-Malkajgiri District, Hyderabad, Telangana	India
S1-393240482	Dermatology Partners Inc.	2554 Hwy 87, Gilchrist, TX	US
S1-321306005	Classic Mortgage Works	12739 Mcdowell Street, Le Grand, CA	US
S1-153594731	Wilkinson Meshflow LLC	401 Carpenter Road, Snohomish, WA	US
S1-353411751	MJ Arbor	754 Ar 172 Highway, Wilmar, AR	US
S1-133050338	Federal Floating	200 Terry Avenue, Springdale, AR	US
S1-459297936	Cho, Han & Ayala Resources Inc	1427 Flora Lane, Oxnard, CA	US
S1-42402348	Smart Management Private Limited	Flatno.201, D.No.562/2-12, H I G House, Bangalore North, Bangalore, Karnataka	India
S1-792705717	Anderson Floating	866 30th Avenue, Santa Cruz, CA	US
S1-954782176	Strategic Sun	2699 Broadwing Lane, Liberty Lake, WA	US
S1-200332639	Fylfot Traders	4 No Fairlie Place Mezzanine Floor, Kolkata, Calcutta, West Bengal	India
S1-95744127	Memorial Charities	904 Burton Place, Arlington Heights, IL	US
S1-745478909	Krishna Finance	Bld.B Flat-403, Apostrophe Sno.174/4/5/1, Wakad, Pune, Maharashtra	India
S1-530639460	(india) Southern Management Private Limited	K-43, Opp Plaza Cinema, Connaught Place, New Delhi, Delhi	India
S1-159641046	Behavioral Health Trusted Care Associates LLC	VA, 806 Clearview Drive, Vinton Town	US
S1-914199557	Cameron Fidelity	1340 Co Rd 8, Dillonvale, OH	US
S1-716043904	Reed Net L.L.C.	1937 S 30th St, Louisville, KY	US
S1-84540973	International Staffing Innovations Billings	356 Westchester Square, Billings, MT	US
S1-141683936	Jyotiba Adhesives Private Limited	Plot No.2, Dhanalakshmi Nagar, Moulivakkam, Kundrathur, Sriperumbudur, Kanchipuram, Tamil Nadu	India
S1-594942226	Dileva Worldwide LLC	269 Salmon River Road, Schuyler Falls, NY	US
S1-496780343	Suazo, Little & Jameson Meshflow Inc	NC, Littleton, 118 Timberlodge Circle	US
S1-164236538	Value Finance Limited	759/34, Bhandarkar Road, Near Pyc Hindu Gymkhana, Pune, Maharashtra	India
S1-316021079	Arihant Investments Pvt Ltd	5 Clive Row 3Rd Floorr No 73 P S Burrah Bazar, Kolkata, Calcutta, West Bengal	India
S1-830776667	Strategic Talent Dynamics	6220 Cr 862, Pearland, TX	US
S1-825411169	Redstone Traders Private Limited	4 Hari Nivas C Road Churchgate Mumbai, Mumbai, Mumbai City, Maharashtra	India
S1-839027913	Ace Unique Infra LLP	S-126, Basement, Greater Kailash - 1, Delhi, South Delhi, Delhi	India
S1-443605421	First Investments Limited	505A, Azamshah Layout, Sakkardara Chowk, Nagpur, Maharashtra	India
S1-733382831	Stauch, Collins & Rogers LLC	4201 Clark Street, Unit 1, Cheyenne, WY	US
S1-948342376	Surya Power Limited	Mumbai City, Mumbai, 104, Opp Star Indl Estate Bhd Sakinaka Telephone Exchange, Kurla West, Maharashtra	India
S1-975797180	Capital Guild	3646 35th Avenue, Seattle, WA	US
S1-823691936	SA (i) Ltd	Shop No. 6, First Floor, Riddhi Siddhi Complex, Near Sbi Bank, Village Dholera, Taluka Dholera, Dhandhuka, Ahmedabad, Gujarat	India
S1-178294692	Pediatric Advanced Care Associates Inc	IN, Greenwood, 1567 Glen Canyon Drive	US
S1-97942542	Lee, Stock & King Mitsubishi Inc	150 Old Liverpool Road, Unit Apartment 403, Salina, NY	US
S1-574959068	VKL Power Private Limited	3 Meridien Apts Bldg No 1Veera Desai Road Andheri (W), Mumbai, Maharashtra	India
S1-980390394	Noel Murphy Shore	216 Brittany Lane, Belleville, IL	US
S1-113946951	Massif Clinic Corporation	Ward No.8, H. No.1585/5, Sangali Road Ichalkaranji, Hatkanangle, Kolhapur, Maharashtra	India
S1-878217034	Campos Rockwool Inc	3925 52, West Lafayette, IN	US
S1-250810347	Beacon Diagnostic Worldwide Center	325 Shag Bark Trail, Somerville, AL	US
S1-796234929	Gestalt Lifecare (India)	179A, 1St Floor (B/P) Southern Jeewan Nagar, New Delhi, South Delhi, Delhi	India
S1-934003476	Vibha Hospital	E-401, Sgm Nagar, Nit, Faridabad, Faridabad, Haryana	India
S1-211535546	International Infotech Pvt Ltd	F-14 & F-15, First Floor F Block Inner Circle, Connaught Place, New Delhi, Central Delhi, Delhi	India
S1-535840870	Eye Apex Specialists, Inc	KY, Wayland, 3742 7	US
S1-623475769	Rhetta's Health	4210 Pimlico Road, Baltimore, MD	US
S1-174234108	Rohit (India) Steels Private Limited	C/O Sandeep Sangwan, Village Garhi, Alwalpur, Kharkhara, Rewari, Haryana	India
S1-133479118	Blue Construction LLP	Delhi, C Block Yamuna Vihar, C-6/298, North East	India
S1-558794180	Builders Laxmi Carrier Limited	B 973 Sector A, Opp Jal Nigam Colony, Lucknow, Uttar Pradesh, Lucknow	India
S1-555388048	Urgent Care Express Specialists	6672 Wolcottsville Road, Royalton, NY	US
S1-5974875	Guerrero Santander Inc	7380 191st Street, Tinley Park, IL	US
S1-631569262	Bharat Consultancy Private Limited	3 Goenka Lane 1St Floor, Kolkata, Calcutta, West Bengal	India
S1-985652160	Big Bike Shop	636 Wall Street, Unit 2, Sevierville, TN	US
S1-210935903	Leann Colon Federal Acquisitions Inc	9229 106th Way, Fl 1, Scottsdale, AZ	US
S1-768015158	Gonzales Globa Aurora	935 Moneta Avenue, Aurora, OH	US
S1-441023683	Liberty League of Silver Spring II	2905 Randolph Road, Silver Spring, MD	US
S1-595374997	Rodi Youngblood Advertising	201 Picea Drive, Austin, TX	US
S1-142553519	Wendell & Stahley Bioscience	3994 Rutledge Road, Charleston, WV	US
S1-376563089	NH Systems	Pandey Nivas, Akurli Road, Near 282 Last Bus Stop, Damu Nagar, Kandivali (East), Mumbai, Mumbai City, Maharashtra	India
S1-994289509	Mits Infra Private Limited	Sf - 02, New Delhi, Plot No. Pvt-8 & 9 Kh. No 480 & 481, 2Nd Floor, Shakti Enclave Extended Villa, Ge, Burari, New Delhi, Delhi	India
S1-414912302	Errico Vertical	5015 234th Lane, Buckeye, AZ	US
S1-559563624	Ariela's Rapid Studios P.C.	Fl 1, Lacey, 4430 26th Avenue, WA	US
S1-404995167	Easytech India	# 2809, 28Th Fl, Block B, Lodha Meridian Kphb Phase, Tirumalagiri, Hyderabad, Telangana	India
S1-576884583	Dorothee Marshall Liberty Santander PC	1422 Division Street, Hull, IA	US
S1-997417869	Achyut Church Private Limited	Surat, 533, Vyara, Pati Faliya, Village Padamdungari, Gujarat	India
S1-144223421	Nguyen and Clark Co	1233 Sunnyview Avenue, Dayton, OH	US
S1-30752064	Rampur Machinery Limited	25 Tehsil Swar, Mohalla Kashipur Suar, Rampur, Uttar Pradesh	India
S1-393903055	Apex Enterprises Private Limited	C/O Prashant Rathod, Balaji Nagar Mehkar, Mehkar, Buldhana, Maharashtra	India
S1-29349535	Dusky Management Private Limited	Flat No. 604, Garden Vi R P Marg, Hazratganj, Lucknow, Uttar Pradesh	India
S1-952865119	Hari Care Private Limited	2/381C Senjeri Bypass, Selliyamman Nagar, Perambalur, Tamil Nadu	India
S1-656898988	Kacey Piercy Desert Rush LLC	220 12th Street, Hamilton, OH	US
S1-195659370	Seaview Farm Private Limited	N 302, Palm Drive Appartments, Sector-66, Gurgaon, Haryana	India
S1-192464263	Lucky Seafood! Inc	303 Washington Street, Hanson, MA	US
S1-272384681	WCC (i) Group	Plot No. 10, Block No. 6 Ff, Right Side, Spring Field Colony, Sec, Tor-31, Faridabad, Haryana	India
S1-605340665	New Delhi Chits Corp	G - 53 Sarita Vihar, New Delhi, North Delhi, Delhi	India
S1-723532322	Pacific Communities LLC	Edgewood, 338 Ahern Drive, MD	US
S1-158534901	Raven Corp	60 Taunton Avenue, Boston, MA	US
S1-263753520	Silver Industries Private Limited	House No.65 (Basement), Furniture Block, Kirti Nagar, New Delhi, West Delhi, Delhi	India
S1-927745296	Chiropractic Medicine	NC, 242 Godfreys Lane, Hertford	US
S1-669312620	Rajaram Support Private Limited	Salava Agwanpur, Moradabad, Uttar Pradesh	India
S1-291922534	Patriot Veterinary Clinic	6820 Vista Terraza Drive, Albuquerque, NM	US
S1-108573058	Urban Coffee	NY, Unit Apartment 2, 1052 Center Road, West Seneca	US
S1-320583870	Great Project Associates	17560 Waterman Lane, Marana, AZ	US
S1-513407139	Diligence Trading Private Limited	45 Ranveer Nagar, I.T.I Chauraha Mainpuri Fatak, Etawah, Etawa, Uttar Pradesh	India
S1-707412941	Family Liberty Group	Ruidoso, 505 George P White Drive, NM	US
S1-972452680	Esteem Trust	Parganas North, 2 Kaibartapara Baburani Para Part Bhatapada Jagaddal, West Bengal	India
S1-260261988	Anne Evans Rogers LLP	4137 Polkville Road, Polkville, NC	US
S1-626837857	Kroger Endocrinology	429 Matthew Street, Barbourville, KY	US
S1-958016851	Creative Infra Private Limited	D-301, Plot No.1, Om Satyam Apartment Sector-Iv, Dwarka, New Delhi, West Delhi, Delhi	India
S1-52005849	Rosenzweig Learning Center	29529 Golton Drive, Easton, MD	US
S1-728807709	Jai Trading Private Limited	81/D, R.K.Chatterjee Road Ground Floor, Kolkata, Howrah, West Bengal	India
S1-797337525	Corner Hair Studio	536 Chicago Avenue, Highland Park, IL	US
S1-237539441	Summit Xcel	609 Coile Road, TN, Jefferson City	US
S1-984429646	Sun Infrastructure Limited	Spaze It Park, Tower B3, 4Th Floor, Unit No- 442-4, Gurgaon, Haryana	India
S1-447521690	Economic Development Trust	4802 Promenade Lane, James City County, VA	US
S1-126022071	Jay Food Private Limited	Orissa, Jagatsinghpur, Khata No 181 Nimidhi Gate Bazaar Paradeep Garh, C/O Ramesh Ch Nayak P.No 40, Jagatsinghapur	India
S1-621207870	Eastern Investment Private Limited	Room No. 380, 1St Floor, Bismillah Shopping Complex Market Road, Ottupara, Wadakancherry, Kumaranellur P O, Thrissur, Kerala	India
S1-9606988	Savita Building (India) Private Limited	44 Ranade Colony, Hindwadi Belgaum, Belgaum, Karnataka	India
S1-577633788	Meor LLC	3107 Walnut Creek Drive, Unit A, City Of Wilson, NC	US
S1-356272103	Smith Imperial of Corvallis	4315 Arrowood Circle, Corvallis, OR	US
S1-45257038	Sree Perfect Properties Private Limited	1-3, Jayavaram, Kandukur, Prakasam, Andhra Pradesh	India
S1-83476125	Unique Innovative Solutions Pvt Ltd	C/O Rguvir Singh, Sarkari Hospital Ky Pass Reengus, Reengus, Sikar, Rajasthan	India
S1-35908111	Kara M. Robertson, MD	NY, 12906 Transit Line Road, Concord	US
S1-902212841	Hopper & Wilson Egh Inc	1716 Woodlawn Drive, Scotland Neck, NC	US
S1-635481769	North Stardust	4606 Commodore Drive, Stow, OH	US
S1-901286612	Perfect Finance Pvt Ltd	Shri Krushan Nagar, Barshi Road, Osmanabad, Maharashtra	India
S1-548791759	Goshen Pediatric Dental Care Associates	1 Hampton Hills Drive, Goshen, NY	US
S1-148320332	Moorman Investments	12353 Del Sur Street, Victorville, CA	US
S1-890823887	Continental Accounting	137 Lower Ridge Road, Conway, AR	US
S1-856168670	Shaan Project Associates	Flat No.105, 10Th Block, Vaddepally Enclave Near Chittaramma Temple, Vivekanandanaga, R Colony, Kukatpally Hyderabad, Hyderabad, Telangana	India
S1-12240557	Lakshmi Developers	12Thfloor, Manjeeratrinity, Jntu-Hitechcityroad, Kphb, Tirumalagiri, Hyderabad, Telangana	India
S1-73042441	Primary Care Specialists of Indianapolis	1821 East Street, Indianapolis, IN	US
S1-727292749	Oncology Group	Prince William County, 1533 Colonial Drive, VA	US
S1-875966477	Royal Quality Cms	135 Sagewood Drive, Thibodaux, LA	US
S1-580893806	New Delhi India Pvt Ltd	Plot No-15, S/F, Kh No 16/3, Bajaj Enclave, New Delhi, South West Delhi, Delhi	India
S1-979621542	Romisoft	Unit APARTMENT 28, 3904 Lori Drive, KY, Erlanger	US
S1-411111192	Ss Enterprises Limited	Thrissur, Door No 118/7Opp Electricity Office Kattoor, Kerala, Thrissur	India
S1-171226928	Shelton Dental Associates LLC	1501 North Avenue, Melrose Park, IL	US
S1-187193171	Gunilla Hill Golden Schwab LLC	2190 Meadowlark Lane, North Logan, UT	US
S1-132586451	Smith, Debi, P.A.	220 Mcnutt Road, Sunland Park, NM	US
S1-937822241	Black Infra Pvt Ltd	Opp.Old Bpcl Petrol Bunk Road Near Ksrtc Bus Stand Shidlaghatta, Chikkaballapura, Kolar, Karnataka	India
S1-523368208	Jesselyn Oneal Wilco LLC	245 Montgomery Lane, Homewood, AL	US
S1-86238158	Eye Blue Medicine LLC	406 S 4th Street, Shelbyville, IL	US
S1-720025982	Red Pub!, Inc	3645 North Street, Baton Rouge City, LA	US
S1-884351482	Flores's Consultants Inc.	105 Dohm Avenue, Guilford, CT	US
S1-142550690	Harmony & Sons	9-11-20, Kalangi Complexkothapet, Guntur, Andhra Pradesh	India
S1-716024722	Malappuram Infrastructures Private Limited	Apsara Arcade, Ponnyakurussi, Palakkad Road, Perinthalmanna P. O., Malappuram, Malapuram, Kerala	India
S1-225015652	Apex Infra	Chitanvispura Cir 4 House No. 1274, Mahal, Nagpur, Maharashtra	India
S1-438115387	Indo Investment Private Limited	H. No. 56, Front Portion, Ground Floor Block 7, South Patel Nagar, Delhi, West Delhi, Delhi	India
S1-402965427	Digital Wealth Alliance LLC	9314 Cherry Hill Road, Unit 609, College Park, MD	US
S1-667264941	Bright Bright Corporate, Inc	35142 Lead Line Road, Virden, IL	US
S1-46506909	High Shyam Builders Pvt Ltd	62/1963/B12, Muslim Orphanage Building, Kozhikode, Kerala	India
S1-24424354	Bharat Foundation Private Limited	E-11, Ram Path, Shyam Nagar Extension, New Sanganer Road, Jaipur, Rajasthan, Jaipur	India
S1-807990988	Hart Creative Activate Inc	Brooklyn, OH, 7440 Brookpark Road	US
S1-735574718	Armour Exports of Ahmedabad	810-G, Ahmedabad, Titaniumcitycenter, 293/1/P, T.P-03. 100Ft.Road, Nr.Sachintower, Anandnagar, Ahmedabad, Gujarat	India
S1-621208988	Koch Charter School	8906 Marcella Avenue, Fl 0, Saint Louis, MO	US
S1-443264302	Orthopedic Care Associates Co	181 Amherst Circle, Oswego, IL	US
S1-910659520	Verron Franklin, LLC	Saint Louis, 358 Falaise Drive, MO, Fl 0	US
S1-521782533	East Perfect Systems Private Limited	46A, Block-E, Panki, Kanpur Nagar, Uttar Pradesh	India
S1-516734255	Donnie Gabriel Fitness	3531 Maris Way, Humble, TX	US
S1-604240541	Frank Trading Private Limited	C/O (Deepak Sharma) 195, Salarpur Kalan Village, Ghaziabad, Uttar Pradesh	India
S1-596665846	Mcknight Green Esports LLC	79 Boone Road, TN, Medina	US
S1-144748187	Urology Physicians LLC	1689 Parco Avenue, Ontario, CA	US
S1-843288007	Skyline Advisory Private Limited	House No. 1184, Sector 5, Urban Estate, Kurukshetra, Haryana	India
S1-589298046	Nodyne	45 Ashington Lane, Nashville, TN	US
S1-718773450	Wheeler's Therapy	180 Wallace Road, Unit 4, Nashville, TN	US
S1-68764297	Silver Lakeshore	WA, 11702 138th Street Court, Puyallup	US
S1-499068091	Office of Veterans Affairs	356 Felkins Avenue, Forsyth, MO	US
S1-690151152	Masco Foundation	167 Ground Floor Abhay Khand - 1, Indrapuram, Ghaziabad, Uttar Pradesh	India
S1-139619805	Super Medical Centre Company	Kalamassery, Kerala, Ernakulam, Kummancheri Junction Changhampuzha Nagar, Pathadippalam, 23/163A	India
S1-36216088	Urban Food Private Limited	Flat No.504/A, 5Th Floor, Plot No.1-98/4/1-13, 28&29, Image Garden Road Jain Sadguru Image S Capital Park Madhapur Village Serilingampally, Shaikpet, Hyderabad, Telangana	India
S1-505753870	Digital Agro Pvt Ltd	Cts No. 41, Plot No. 14, Shop No. S 11, Swaroop Complex, Karve Road, Pune City, Pune, Maharashtra	India
S1-97540739	Shaw, Giovanna, DDS	Buffalo, 570 Halsey Avenue, MN	US
S1-803160097	Shyam Global	Rajesh S/O Sh. Ramkumar Village Mirzapur, Hisar, Po Mirzapur, Haryana, Hissar	India
S1-919165160	Dream Projects Limited	No51 R.K.Mutt Road, Mylapore, Chennai Hennai, Hennai, Chennai, Tamil Nadu	India
S1-577851772	Ons International School	New Delhi, Kno-58/66/65, Hno-24-C, S/F, Gautam Ngr, Near Father Angel School, Delhi, South Delhi	India
S1-531107896	Sasoft Interests Inc	7176 234, Ladoga, IN	US
S1-631690612	Pediatric Dental Health LLC	101 York Street, Elmhurst, IL	US
S1-505611155	Diehl Eaton	11341 Hartman Circle, Omaha, NE	US
S1-410668413	Smith National Supply Inc.	Roseburg, OR, 130 Hess Lane	US
S1-875191914	Harbor Federation	Ottawa, KS, 511 Cedar Street	US
S1-521084426	Soto, Dasi, D.D.S., P.C.	2900 Danzig Pl, KY, Louisville	US
S1-482245935	Digital Agro Private Limited	19/28 Prabhat Colony Anand Nagar, Santacruz (East), Mumbai, Maharashtra	India
S1-325243184	Balamurugan & Brothers Private Limited	Karnataka, Bbmp No. 68/1, Bangalore, Bda Site No. 78 Situated In Industrial Suburb, Mahalaxmi, Puram, Bangalore	India
S1-449397951	Global Jas Technologies Private Limited	A-40, Krishna Nagar - Ii, Lal Kothi Tonk Road, Jaipur, Rajasthan	India
S1-704422081	Bies Horizon Tinto Inc	7500 Hunters Mill Road, Unit APT J, Blacksburg Town, VA	US
S1-578353639	New Delhi Leathers Private Limited	709/58, Sahyog Building Nehru Place, New Delhi, South Delhi, Delhi	India
S1-230308182	Orthopedic Group	260 Epes Street, Unit 103, Blackstone Town, VA	US
S1-942384126	Maurizia Barber Custom Textiles Inc	1 Fineout Road, Sanford, NY	US
S1-361859792	Sampati & Co	Delhi, House No 922, North West, Delhi, Khasra No 177 Ground Floor Near Shiv Mandir Village Jaunti	India
S1-140546152	Ray Mortgage LLC	884 Cascade Avenue, Atlanta, GA	US
S1-980481856	Sanders, Baughman and Cruz Green	323 Riverside Drive, Essex, MD	US
S1-577222608	Gulf Center V Inc	61187 Cone Flower Street, Bend, OR	US
S1-317776099	Flint Inc.	3123 Broad Street, Richmond City, VA	US
S1-634246764	Howard Holdings Group	IL, 6318 Raven Street, Chicago	US
S1-26328906	Cody Winston Plum LLC	Fairfax County, 4502 Superior Square, VA, Unit STE 4502	US
S1-26257270	The Dent Pub!	4846 Waveland Avenue, Chicago, IL	US
S1-360834742	Skywalk Impex Private Limited	C/O Sh.Veer Singh, Basai, Noida Sec-70, Near M-Block, Noida, Gautam Buddha Nagar, Uttar Pradesh	India
S1-910995242	American Guild Inc	IA, 1376 Wood Street, Dubuque	US
S1-177548932	Rocky Biotech	47 Coffman Drive, Jackson, TN	US
S1-934827282	Lamb Interests Co	2634 Boulder Court, Archdale, NC	US
S1-622802949	Butech LLC	23 1/2 Cheever Street, Worcester, MA	US
S1-679395886	Benitez & Vargas Solana Inc	122 A 8th Street, Elmira Heights, NY	US
S1-416197754	Ankur Medical Limited	A-31, Sector-58, Noida, Gautam Buddha Nagar, Uttar Pradesh	India
S1-950328068	Panvel (india) Private Limited	Raigarh(Mh), Plot -270, Ros, Chs Panvel Raigad Khargha, Maharashtra, Lilac-702, Panvel	India
S1-172627624	Urgent Care Associates Inc	OH, Columbus, 1145 Chambers Road, Unit 407	US
S1-611182218	Grace Zion	Springfield, 400 328 Madison Street, IL	US
S1-863873241	Empire Society	8263 Harcourt Road, Unit APT 239, Indianapolis, IN	US
S1-296015030	330 Park Avenue Management LLC	21502 San Luis Pass Road, Galveston, TX	US
S1-322655550	Katni Impex Limited	Roshan Nagar, Near Mammu Medical Rafi Ahmad Kidwai Ward, Tehsil-Katni, Katni, Madhya Pradesh	India
S1-677935743	Black Business Limited	Mumbai, First Floor B-4 Hari Bhuvan, Zaver Road, Mulund West, Mumbai City, Maharashtra	India
S1-748801724	Sanchez Lending Inc	10744 Millers Way, Orland Park, IL	US
S1-816276493	Kirti & Partners Private Limited	4Th Floor, Office-419-420, Zenon, Nr. Kiran Moters, New Civil Road, Surat City, Surat, Gujarat	India
S1-407432406	Agro Gwalior Resorts Limited	D.No 15-9-262, Gowliguda, Hyderabad, Telangana	India
S1-45563729	Arihant Consultants Private Limited	Chaudhary Auto Traders Kuchaman City, Nagaur, Kuchaman City, Rajasthan	India
S1-455886423	4022 Third Drive Partners LLC	360 Union Avenue, West Haven, CT	US
S1-438029307	Pediatric Dental Physicians	189 Deer Drive, Lavergne, TN	US
S1-691616670	Bharat Management	Santosh Roy Road Lp-41/4/6, South 24 Parganas, Kolkata, 230/4, West Bengal, Parganas South	India
S1-764726689	Pediatric Dental Clinic	85 Azalea Lane, Andrews, NC	US
S1-919856265	Rose Infocom Private Limited	Plot No. 4190 Dhabai Ji Ka Nohara, Sanganeri Gate, Jaipur, Rajasthan	India
S1-771021108	Harbor Complete Laboratories	121 Century Street, Sheppard Afb, TX	US
S1-56591462	TR Foundations Private Limited	Bungalow No. 9, Golden Beach Co - Op Housing Society Limited, Ruia Park, J M Marg, Juhu, Mumbai, Maharashtra	India
S1-155714047	Children's Summit Alliance Inc.	15 Catalpa Lane, Hempstead, NY	US
S1-959596193	Physical Therapy Partners, L.L.C.	12796 Farm Road 2125, Purdy, MO	US
S1-294128479	Bhive Foundation	Howrah, 66, West Bengal, Dhan Devi Khanna Road 2Nd Floor, Kankurgachi, Kolkata	India
S1-425693286	Kanjirathinkal Exports Private Limited	4/485 A, Parappil House, Paittooli, Malayamma Po, Kanjirathinkal, Kozhikode, Kerala	India
S1-561366941	Orthopedic Center Inc	4225 Alabama Street, Houston, TX	US
S1-844770393	PO Premier Mobile LLC	6733 Kelly Avenue, Albuquerque, NM	US
S1-819320296	Federal Payment Labs, LLC	8853 Ahmed Avenue, Elk Grove, CA	US
S1-246225268	Wooten Continental Enterprises Inc	AZ, Prescott, 469 Miracle Rider Road	US
S1-690051769	Ortega Ventures LLC	201 Montana Wells Road, Rio Rancho, NM	US
S1-813170327	Urban Energy LLP	Surat, Gujarat, Laxminarayan Ind. Park Brc Compound, Bhedwad, Udhna, Plot No. D/27-33	India
S1-448367080	Fresh Massage! Care	Bensenville, Unit 102, 1101 Irving Park Road, IL	US
S1-69952960	Studio 51 Cafe Center	Elkton, MD, 55 Elk Valley Lane	US
S1-387211283	Royal Engineering LLP	Level - 2, Elegance Tower District Center, Jasola, New Delhi, South Delhi, Delhi	India
S1-520722573	India Tethys Convention Limited	Kadir Lodge, Bazar Street, Sathyamangalam, Erode, Tamil Nadu	India
S1-539360652	Taraesh Products Limited	No.1, 4Th Block, Kkd Nagar, Chennai, Tamil Nadu	India
S1-166567943	DS Solution Private Limited	33/3 Arun Park, First Floor, Near Aditya Birla Hospital, Thergaon, Pune, Maharashtra	India
S1-221963103	Caressa B. Hamrick, Ph.D., DDS PC	4506 El Paso Avenue, Snyder, TX	US
S1-149175191	SB Schwab LLC	158 Peach Street, Hillsboro, AL	US
S1-430162043	Vision Crystal Care	70 Windy Hill Court, Warren County, VA	US
S1-581606301	Rudloff's Crystal Metal Works	Unit 6, 100 Paradise Drive, TX, Nacogdoches	US
S1-862712171	My Foundation Private Limited	Plot No-15A, New Township, Faridabad, Haryana	India
S1-582733437	Deep Propmart Clinic	A/21, Shivshakti Chs Ltd., Indira Nagar, Opp. Madhuvan Society, J.P. Road, Andher, I (West), Mumbai, Mumbai City, Maharashtra	India
S1-531429114	Sosoft Select South	1202 Argonne Avenue, Loudoun County, VA	US
S1-330042716	Value Nutrition Collective	1994 403, Bonnots Mill, MO	US
S1-302558001	Everyday Institute Limited	Plot No : 19, Vinayagapuram, Ags Colony Velachery, Chennai, Tamil Nadu	India
S1-456427404	Cozy Nails! PLLC	MN, 13977 East Road, Lake Park	US
S1-689977390	Environmental Initiative	866 14th St NE, Cedar Rapids, IA	US
S1-347000383	Sunrise Construction Private Limited	4Th Floor, C Wing, Trade World Kamala Mills Compound, S.B. Marg, Lower P, Arel, Mumbai, Mumbai City, Maharashtra	India
S1-790598760	Tapia Custom Odyssey Co	4417 20, Bldg Building 1320, Devils Lake, ND	US
S1-68170645	Peyton's Mountain Hospitality	5401 Groveside Lane, Rolling Meadows, IL	US
S1-619552943	Namakkal It Private Limited	1St Floor, 01 Main Maruthi, Nagar, Chandra Layout, Bangalore North, Bangalore, Karnataka	India
S1-826880522	Maple Lake Advanced Fuse	40 Birch Avenue, Maple Lake, MN	US
S1-140915305	Whale Industries Group Private Limited	Hno 2/1B Sno 9 Gujarwadi, Rd. Nibalkarwadi, Katraj, Pune City, Pune, Maharashtra	India
S1-615265325	Castillo Standard LLC	1564 Gulf Street, OH, Uniontown	US
S1-270587511	Treichel & Rennie	279 Aaron Circle, Vacaville, CA	US
S1-302247650	Miyasato, Martin and Vesely Photonics, LLC	5670 New Harmony Road, Pikeville, TN	US
S1-226577000	Machinists Union Local No 202	123 Day Hill Road, Windsor, CT	US
S1-895602816	Philbeck Dime	249 Clear Lake City Boulevard, Webster, TX	US
S1-170142243	International Arin Laundry LLP	Shop No-108 Anchal Plaza Vasant Kunj, New Delhi, North Delhi, Delhi	India
S1-236048105	Morgan Advanced Bain LLC	21 Courtesy Drive, Thomasville, NC	US
S1-878786813	Big Ice Cream	3480 Jondon Lane, Unit D, Gastonia, NC	US
S1-536435138	Bsi Energy Pvt Ltd	C-406, 1-2-608, 609 To 610, Lwr Tank Bund, Kavadiguda, Secunderabad, Hyderabad, Telangana	India
S1-810086292	Moseley Metro Oneim LLC	2368 Ansley Street, Alliance, OH	US
S1-657519036	International Transmissions Private Limited	Shop No. 1, Muskan Society, Pandav Nagar Wadala Pathardi Road, Nashik, Maharashtra	India
S1-533419421	GT Trichur Private Limited	Fa-229B, Mansarover Garden New Delhi, New Delhi, Delhi	India
S1-236909503	Beia LLC	616 Creek Street, Skiatook, OK	US
S1-725540710	Nguyen Premier Royal	7582 Priceville Road, Munfordville, KY	US
S1-902926281	Christ Church LLC	1078 Jackson Lane, Show Low, AZ	US
S1-856522775	Johnson Smart of Raleigh	Unit 411, NC, 11200 Tidewater Lane, Raleigh	US
S1-284516393	B 8 Crystal Golden	1143 Garden Drive, VA, Newport News City	US
S1-169164639	Vidales & Nichols	3802 303rd Court, Auburn, WA	US
S1-373896077	Great Surya Consulting Private Limited	Kanchan, Streetno.2, Madhavpark-2, Nr. Goverdhan Chowk, Rajkot, Gujarat	India
S1-746691693	Pioneer Semiconductor Holdings	Mishawaka, IN, 2522 6th Street	US
S1-951832034	Markham and Bacchus	181 Arnold Gamble Circle, Sacramento, CA	US
S1-753419143	Family Medicine	1500 Pickford Lane, Bowie, MD	US
S1-767934955	Stoddard, Sargent & Chandran Inc	96 Knob Hill Estates Road, Sylva, NC	US
S1-138351920	Balaji Pioneer Consultancy Pvt Ltd	F 802, 8Th Floor, Block -I, Mhb, Sy No-83/1, Raidurgam, Seri Lingampally, K.V.Rangareddy, Telangana	India
S1-311937192	Dhiraj Institute of Technology	Plot No. 246, F/F, Block-K, Khasra. No. 809, Mahipalpur Extension, New Delhi, Delhi	India
S1-845522274	Smart Trading Advisors Inc	5577 165th Place, Portland, OR	US
S1-578174893	Mann Ultra Inc	210 Seventh Street, Alvin, TX	US
S1-366004857	Liberty Empire Cantor	11630 Heritage Ridge, Town Of Fulton, WI	US
S1-117321831	Inger Santiago Briacell LLC	117 Stephenson Street, Marion, IN	US
S1-145276542	Good Industries	Flat No. 130 Vrindavan Mukand Staff, Col L B Shastri Marg Ghatkopa Near Pipe Line, Mumbai, Maharashtra	India
S1-522668889	Ferrify Vendome Inc	2302 Branson Landing, MO, Branson, Unit Unit 302A	US
S1-817145938	Mumbai Galvanizing LLP	Unit No 422, Maharashtra, 4Th Floor, Neelgiri Industrial Estate, 183, Tokershi Jivraj Road, Sewri (West), Mumbai	India
S1-661546405	Silver Engineering Private Limited	Riaz Garden, Old No. 12, New No 29, Kodambakkam High Road, Chennai, Tamil Nadu	India
S1-784973933	Health Valley Charities Inc	4 Hilltop Drive, Pittsford, NY	US
S1-75923599	North Builders Limited	Market Building, Nayan Vihar At - Kasoti, Po - Pandiri, Kendrapara, Orissa	India
S1-973936431	Bangalore Design Private Limited	27, Mani Illam, 2Nd Flr, Nr Subramanya Temple, Patel Lyt, V N Post, Cheemasandra, Bangalore, Karnataka	India
S1-155799136	Temple Lutheran Church Center	2200 Village Drive, North Little Rock, AR	US
S1-614166735	American Catalyst	15001 Howards Mill Road, Mulino, OR	US
S1-296275047	Redfox (India) Metallurgical Ltd	Tamil Nadu, 1 St Floor 4/271 Pari Salai Mogappair East, Chennai	India
S1-621241096	Lans Conductors Private Limited	C/O Sangameshwar Motiram Patil Mukhed Mukhed Tq. Mukhed Mukhed, Nanded, Maharashtra	India
S1-164586919	Vallez, Candra D., D.C.	836 Barnaby Street, Unit 204, Washington, DC	US
S1-327066467	Fredrika Griffin Continental Pinnacle LLC	MD, 2824 Still Leaf Lane, Ellicott City	US
S1-655668963	Silvasa Web	No. 947, 3Rd Floor, 1St Cross, 8Th A Main, Ideal Homes Township Rajarajeshwari Nagar, Bangalore, Karnataka	India
S1-726365524	Classic Trading Private Limited	Office No. 7 & 8, Sector - 2, Plot No. - 2, Phase - Ii, Nerul (West), Navi Mumbai, Thane, Maharashtra	India
S1-228653601	Nagraj Education Ltd	3/1B Gour Sundar Sett Lan, Dumdum, Sinthee Police St, Kolkata, Kolkata, Howrah, West Bengal	India
S1-610913484	King & Allen LLC	3236 Pisano Avenue, Round Rock, TX	US
S1-253227957	Indraprastha Global	714-A, Tamil Nadu, 7Th Floor, Mount Road, Anna Salai, Chennai	India
S1-805836305	Hotel Solutions Private Limited	T C 37/1859Vrindavanam West Fort Fort P O, Trivandrum, Kerala, Thiruvananthapuram	India
S1-929565562	Redwood LLC	7384 Stout Road, Germantown, TN	US
S1-293970681	Bangalore Realtors Private Limited	No.158, 22Nd A Main, 1St Cross, Padmanabhanagar, Bsk 2Nd Stage, Bangalore, Karnataka	India
S1-859649679	Marketing Sharda Marketing Private Limited	Flat No. 101, Plot No. 462, H No. 1-62/462, Sri Balaji Residency, Kakatiya Hills, Guttala Begumpet, Shaikpet, Hyderabad, Telangana	India
S1-296237987	Atlantic Academy York County	214 Murray Way, York County, VA	US
S1-511076246	Agra Granites	Flat No-4, Sector-4B, Vaishno Plaza Awas Vikas Colony Sikandra, Agra, Uttar Pradesh	India
S1-176616076	Pelican Trust	A-2303, Fair Field Lodha Luxuria, Lodha Paradise, Near Majiwada Bridge, Thane (West), Thane, Maharashtra	India
S1-720812004	Mishra Services Public Limited	Office No.602, S.No.45/1 To 10/1, Pashankar Auto, Pune City, Pune, Maharashtra	India
S1-888728503	Internal Medicine Clinic Inc	706 Edgewater Ridge Court, Apex, NC	US
S1-56622125	Ace Software Pvt Ltd	Shop No 104 Cycle Market Gill Road, Ludhiana, Punjab	India
S1-858859994	Longshoremen Local 649 Care	2541 8, Lake Pleasant, NY	US
S1-438777523	Lumial Block LLC	3008 Vance Way, Virginia Beach City, VA	US
S1-202359521	Jasper LLC	8 Dalton Court, Richlands, NC	US
S1-739429454	Transworld Digital	A - 1, Sweta Duplex, Radha Swami Road, Ranip, Ahmedabad, Gujarat	India
S1-60889636	Shiv Software Private Limited	S No. 45/3/3 Pisoli Nr Mango Tree, Pune, Maharashtra	India
S1-725284847	Abhaya Cera Limited	K Narayana Reddy Lane No. 3, Atmakuru, Andhra Pradesh, D.No. 3/2/6/7, Spsr Nellore, Nellore	India
S1-705048374	Superior Certified Copley Inc	7518 Celesta Lane, Fl 1, Olympia, WA	US
S1-250070625	Pediatric Medicine	87-59 86 Street, Woodhaven, NY	US
S1-836720513	Merralee Barnes, D.C.	Houston, TX, 6201 Southwest Freeway	US
S1-670137434	Lakshmi Constructions Pvt Ltd	House No. 87, Post Kapraul, Siroman Ps Riga, Sitamarhi, Bihar	India
S1-320133494	CFT Arts Inc.	TX, Fort Worth, 9763 North Freeway	US
S1-724970812	Pune Warehousing Private Limited	Office No. 39, Fourth Floor, Bandal Dhankude Plaza Right Bhusari Colony, Kothrud, Pune, Maharashtra	India
S1-296416408	Perfect Finance Pvt Ltd	C/O Munna Thakur, Ward No7, Ward No.-7, Ps-Malahi, Areraj, East Champaran, Bihar	India
S1-94816449	Creative Education Brands Corp	15694 101, Unit SPACE 2, Brookings, OR	US
S1-522995114	Foot & Ankle Medicine	658 H Street, Phillipsburg, KS	US
S1-49584394	Womens Health Cascade Center LLC	1800 Dalhousie Court, Unit APARTMENT A1, Parkville, MD	US
S1-504862013	James Krakacquisition PC	920 Riptide Lane, Carolina Beach, NC	US
S1-927470261	Melody Sciences Private Limited	5/588, Vikas Khand, Lucknow, Uttar Pradesh	India
S1-417777542	Oliveira's Appliance	840 Miller Road, Ola, AR	US
S1-822548240	Solutions Amr Krishna Associates	B-219, Florence Marvel, Sushant Lok-Iii, Dlf Qe, Gurgaon, Haryana	India
S1-76427580	Kalyani Sand	Visakhapatnam, Vishakhapatnam, 50-13-25/54 Seethammapeta, Andhra Pradesh	India
S1-281569207	Ak Consultant Private Limited	Sh.No-01 Shivani Heights, Sn- 54/15/1/2 Kondhawa Bk, Badhe Ngr, Pune, Maharashtra	India
S1-460718306	PHX Best Meshflow Partners	8540 Robinhood Avenue, Kansas City, MO	US
S1-24195381	Hari Marketing LLP	808, Pearl Best Heights-I, Nsp, Pitampura, Delhi, North West Delhi, Delhi	India
S1-994417851	Summit Society LP	33 Casa Grande, Brownsville, TX	US
S1-595558619	North Milestone LLP	C-4 Siddharth Building, 14/2 Burdwan Road, Kolkata, Kolkata, Howrah, West Bengal	India
S1-707916403	Express Design Works LLC	2741 Juniper Way, City Of Holladay, UT	US
S1-258608264	Platinum Learning Enterprises LLC	189 Parkstone Drive, Fraziers Bottom, WV	US
S1-163249957	Empire Investments, LLC	5145 45, Auburn, IN	US
S1-431442616	Om Consultants Private Limited	Thane, Office No. A1 & B1, Maharashtra, 9Th Floor, Ashar It Park, 16Z, Wagle Industrial Estate, Thane	India
S1-191510054	Bangalore & Brothers Private Limited	3Rd Floor, Sri Bhagavathi Complex Hmt Main Road, Gokula 1St Stage, 2Nd Phase, Karnataka, No 361, Bangalore	India
S1-775889398	Pediatric Precision Partners Corp	135 Center Tree Drive, Palacios, TX	US
S1-239085040	Clark Australia	608 Files Street, Itasca, TX	US
S1-233112957	Atlantic Preparatory Academy	665 Tournament Drive, Cincinnati, OH	US
S1-769619488	Fontenot and Eppard Franklin	1385 Cross Street, Salem, OR	US
S1-939490688	Unified Hospitality Innovations Inc.	6611 Airport Boulevard, Austin, TX	US
S1-71284994	Billups Iron	1708 Red Clover Street, Village Of Holmen, WI	US
S1-752839022	Lower Pono LLC	KY, 1101 Abbeywood Rd, Saint Matthews, Unit 202	US
S1-457241467	Carter & Barnes LLC	1016 Fair Meadow Way, City Of Onalaska, WI	US
S1-208682389	Primary Care Medicine PLLC	1487 11B, Dickinson, NY	US
S1-938848060	Silver Finance Private Limited	Howrah, Kolkata, West Bengal, Garden Reach Jetty-2 20 Garden Reach Road	India
S1-144525073	Jalandhar Experts Pvt Ltd	Industrial Plot No. 28, Kapurthala Road, Wariana Industrial Complex, Punjab, Jalandhar	India
S1-738203185	Perfect Brothers Private Limited	C/O Daudayal Ramchandra Rathi Buddha Marg, Madhya Pradesh, Ujjain, Khachraud	India
S1-799097253	Chiropractic Specialists LLC	1010 310th Street, Kiron, IA	US
S1-199702910	Norma Law Chambers	J-8/109, Ug Floor Rajouri Garden, New Delhi, Delhi	India
S1-222606235	Integrated Apex Surgical Inc	22318 Forest Loop Road, Granite Falls, WA	US
S1-79664859	Salih Partners LLC	745 Galen Drive, Patton Twp, PA	US
S1-449387618	NM Technologies Inc.	22026 Gardenwall Terrace, Loudoun County, VA	US
S1-538689048	Foot & Ankle Associates of Stokesdale	122 Grove Drive, Stokesdale, NC	US
S1-408870056	Glb Advisors	Flat No. 3K, P.S.Alankar, 857, Motilal Gupta Road, Kolkata, Howrah, West Bengal	India
S1-341475409	India Newleaf Energies Private Limited	Vasai, Ground Floor, Shubham Industrial Building No.2 Dhumal Nagar Vasai East, Maharashtra, Thane, Office Gala No.1	India
S1-65784613	Melur Engineering Pvt Ltd	Third Floor, First Main Road, Domlur Layout, Karnataka, Bangalore, #31	India
S1-178656456	Lotus Enterprises Pvt Ltd	Flat No. C 527, Pawar Enclave, S No. 86 / 3B Pune Solapur Road, Hadapsar, Pune, Maharashtra	India
S1-681098662	Natassia's Cleaning Service	818 Sth 42, WI, Town Of Liberty Grove	US
S1-25666003	Barnett Gulf Leapfrog Associates	Washington Court House, 508 Rawling Street, OH	US
S1-384396621	C D & M Skin Care Inc.	85 Park Avenue, Unit 7, Worcester, MA	US
S1-976485117	Allied Healthcare	City Sr No 170 Word No 1, Plot 255-256/B, Bhavnagar, Gujarat	India
S1-157075971	Alpha Consultancy Limited	Opposite Dawat Restaurant Above Indian Overseas Bank National Highway Kh, Anna, Khanna, Patiala, Punjab	India
S1-177669122	Motley, Romo & Cross Lion Inc	45 La Granja Road, San Benito, TX	US
S1-574597330	Cox, Alaniz & Bryson LLC	928 B Calle Del Llano, Taos, NM	US
S1-277796692	Link Vehicle Pvt. Ltd.	252-B, Lower Ground Floor, Office No.-10-A Prince Plaza, Sant Nagar, East Of Kailas, H, New Delhi, Delhi	India
S1-192066115	Best Frontier Obic	910 Newgate Way, Dixon, CA	US
S1-618704174	New Life Chapel	AZ, Phoenix, Unit C18, 6565 19th Avenue	US
S1-72281536	South Atlantic Table LLC	2072 Copenhaver Road, Rock Island, TN	US
S1-45252741	Pediatric Dental Group	451 Adams Avenue, Lebanon, TN	US
S1-450618700	Silver Consulting Pvt Ltd	8-10/41-42 Elango Nagar 2Nd Street, P N Road, Tiruppur, Coimbatore, Tamil Nadu	India
S1-202578176	UY Gardens Private Limited	77/10 Gidc Estate Phase I, Daskroi, Ahmedabad, Gujarat	India
S1-910304460	Mohammad Brothers Private Limited	No.34, Godown Street, Madras.1. Madras.1., Madras.1., Tamil Nadu	India
S1-669638688	Bedell Cadenza of Heyworth	206 Main Street, Heyworth, IL	US
S1-158409228	Sader Foundation Private Limited	H. No. 422, Badgo, Sader, Gorakhpur, Uttar Pradesh	India
S1-637622185	Ace Total Spark LLC	Manchester, TN, 1269 Elrod Road	US
S1-644155092	Arts Ministries P.C.	Galena, OH, 5790 Hughes Road	US
S1-123330682	Prairie Chemical Inc.	16772 Lakeshore Road, Chelan, WA	US
S1-649238538	Desert Family Practice LLC	TX, 1513 Etain Road, Irving	US
S1-196124805	Transformers & Brothers Care	303, Himland House, D-5, Karampura Commercial Complex, New Delhi, South Delhi, Delhi	India
S1-752578023	Legacy Pharmaceuticals LLC	2404 Rio Grande Del Sol Court, Albuquerque, NM	US
S1-525094023	Jordana Castro Midwest Bce Partners	1124 Grand Avenue, Toledo, OH	US
S1-743485548	Straight Edge Auto Body	515 Montgomery Avenue, Unit Unit A, North Wales Borough, PA	US
S1-684607059	Star Choice Ford LLC	6 Soundview Road, Glen Cove, NY	US
S1-442809021	Corner Diner	219 Evanston Avenue, Tulsa, OK	US
S1-835747291	Juliann Rockwell Chadwick LLC	1205 Spaulding Avenue, Chicago, IL	US
S1-623993543	Swastik Technology LLP	11/293, Nadackal, Erattupetta, Kottayam, Kerala	India
S1-130345826	Colonial Pinnacle Premier	344866 890 Road, Chandler, OK	US
S1-764114843	Scholarship Network VI	39 Dunster Road, Bedford, MA	US
S1-294321565	Piedmont Council	119 Mead Avenue, Smyrna, TN	US
S1-390616880	P 6 O Communities LLC	508 Manhasset Road, Charlotte, NC	US
S1-60823411	Hurley, Cathee, DO	25 Cedar Circle, Stamford, CT	US
S1-877250577	North Crystal Rare Clinic	719 Westgate Avenue, Fl 1, Saint Louis, MO	US
S1-145490067	Urban Pizza	Montgomery, 6959 Sandfield Drive, AL	US
S1-41843797	Media Solutions LLP	Shri Mishri, P No.5, Gf, Kh285, Asola, Fatehpuri Ber, Delhi, South West Delhi	India
S1-64285241	Twisted Yoga	10 Park Street, Unit C, Easton, MA	US
S1-397274285	Smart Trading Limited	Delhi, West Delhi, Defence Apartment, Sunder Vihar, W/O Mr. Rajiv Joshi 44, New Delhi	India
S1-157731220	AW Superior Rogers LLC	IN, Unit APT 12, Indianapolis, 1991 Campbell Avenue	US
S1-120775250	Bivue Quality Eastern Inc	7556 1050, Milroy, IN	US
S1-413962509	I 8 R Pacific	393 White River Drive, Pacific, WA	US
S1-714642946	U 8 Clear Telecommunication LLC	501 Rebecca Smith Way, Cecilton, MD	US
S1-918990522	Heart Society	6041 52nd Street Court, NE, Lincoln	US
S1-442262521	Diamond Jackson	5553 Goldcrest Drive, Cincinnati, OH	US
S1-68161416	Northern School of Medicine	3628 Laurel View Court, Fl 0, Laurel, MD	US
S1-449790619	Elder & Harkness LLC	116 Foley Lane, Folsom, CA	US
S1-590773946	Micro Agro Pvt Ltd	H No 130/D (1) Pandit Complex Near Hornbill Hotel, Kankavli Sindhudurg, Kankavli, Sindhudurg, Maharashtra	India
S1-365396425	Commercial Investment Advisors LLC	5515 Mills Civic Parkway, Unit Suite 145, West Des Moines, IA	US
S1-56556913	Dinny Lindsey Media LLC	N82W13414 Fond Du Lac Avenue, Village Of Menomonee Falls, WI	US
S1-277743177	Silver Book Store	184 Old Hwy 19E, Roan Mountain, TN	US
S1-377309209	Newton and Chambers Huntington	4323 Stevens Battle Lane, Fairfax County, VA	US
S1-802842698	Bombay Food Private Limited	No B 48 Twin Courts, Facit Road Sholinganallur, Saidapet, Kanchipuram, Tamil Nadu	India
S1-750009570	Dominguez Prairie Industrials	Village Of Mcfarland, 6366 Nordic Lane, WI	US
S1-734851410	Keya Livelihood Pvt Ltd	Marvel Cascada, Flat No B-1302 Sr No. 28, 29 Opp Balewadi Stadium, Pune, Maharashtra	India
S1-941108817	Shiv Enterprises Private Limited	C/O.Teja Seeds And Pesticides, Church Complex, Main Road, Rentachintala, Krishna, Andhra Pradesh	India
S1-503306856	Golden Agro Private Limited	703, 7F, Sector 16, Mg Road, Palam Court, Industrial Estate, Gurgaon, Haryana	India
S1-945037506	RV Strategic Applied LLC	296 Bethany Road, Franklin County, VA	US
S1-585559117	Nalanda & Sons Private Limited	13, Floor 3, Plot 595 D, Narendra Villa, Dr Babasahe Ambedkar Road, Five Garden, Matunga, Mumbai, Mumbai City, Maharashtra	India
S1-865816013	Shalne Roberts Global Assets LLC	2233 Behrend Drive, Unit 207, Phoenix, AZ	US
S1-269770838	Wood, Dawn, D.C.	811 4th Street, Unit 512, Washington, DC	US
S1-706039440	Shyam Investment	No.210, Vibrant Business Park, Pardi, Vapi, Valsad, Gujarat	India
S1-75954230	Vision Associates	292 Left Hand Ditch Road, Arapahoe, WY	US
S1-310630315	Halcyon LLC	5314 Casa Grande Drive, Topock, AZ	US
S1-517683305	Akshit Knowledge Ltd	C3, Shri Manglam Banglow, Kalika Park Untwadi, Nashik, Maharashtra	India
S1-456378342	Ostrich Constructions LLP	No. 88 And 89, Indira Nagar, Bagalur Road, Hosur, Krishnagiri, Dharmapuri, Tamil Nadu	India
S1-915983478	Developers Real Fashions Private Limited	Flat No 5 No 25 Vantage Shorepaari Street Kalakshetra Colony, Besant Nagar Chennai, Chennai, Tamil Nadu	India
S1-23347444	Barb Fortson Select Trading	138 Lauderback Road, Rogersville, TN	US
S1-219386036	Ivenium Railway L.L.C.	7 Credit Drive, Mayflower, AR	US
S1-710558824	Matchless & Brothers Private Limited	215, Second Floor, Somdatt Chamber-Ii, Bhikaji Cama Place, 9, New Delhi, Delhi	India
S1-521713985	20/20 Optical	Lee County, VA, 408 Josh Mccurry Drive	US
S1-344152319	Paramount Hospitalities Limited	702, 7Th Floor, Silicone Tower, Near Samartheshwar Mahadev Temple, Law Garden, Ellisbridge, Ahmedabad, Gujarat, India, Ahmadabad City, Ahmedabad, Gujarat	India
S1-819543364	XD Allied Total Inc	34137 Eureka Avenue, Yucaipa, CA	US
S1-195880082	Multimax & Brothers Private Limited	B- 201, 202, 203, 204, 205, Second Floor, Montclaire Office Spaces, Haveli, Pune, Maharashtra	India
S1-57693310	Taparia Food Corporation	78-A, Dilshad Garden, New Delhi, Delhi	India
S1-153609913	Prime Equity Global Inc	4646 Carmen Street, Houston, TX	US
S1-792872528	Reed Montessori School, Inc	204 Tenth Street, Chester, WV	US
S1-86843521	Sunshine's Auto Body	4111 Freedom Lane, Hope Mills, NC	US
S1-940151781	Apex It Pvt Ltd	B-38, East Delhi, Delhi, First Floor Anand Vihar, Delhi	India
S1-838870863	Internal Medicine Health, LLC	10 Hartsdale Street, Smithtown, NY	US
S1-769453592	Royal Logistics Pvt Ltd	3Rd Floor, 184/3, Gopal Lal Tagore Road, Kolkata, Kolkata, Howrah, West Bengal	India
S1-819980199	American Metro Blockchain L.L.C.	3150 Glen Oaks Avenue, Unit Unit 209, White Bear Lake, MN	US
S1-886381285	Grace Presbyterian Church	15510 Thompson Ridge Drive, Cypress, TX	US
S1-377912796	Vaayuora Solutions Private Limited	7Th Floor-719, Shivalik, Shilp, Iscon Cross Road, Ahmadabad City, Ahmedabad, Gujarat	India
S1-920346567	Cardiology Partners of Brooklyn LLC	321 Nostrand Avenue, Brooklyn, NY	US
S1-219765772	Nexelle Construction P.C.	31 Hillcrest Heights, Lebanon, CT	US
S1-564556684	Fahey Dynamic Genesis LLC	15 Lick Branch Maces Creek Road, Viper, KY	US
S1-499777510	One Estate Pvt Ltd	Vipin House, A-20, 2Nd Floor, Guru Nanak Street No.3 Laxmi Nagar, Delhi, East Delhi, Delhi	India
S1-503885567	Clean Semiconductor Alliance Corp	5813 Baseline Road, Unit Apt 158, Little Rock, AR	US
S1-392417866	Guerrero, Mcwilliams and Keeton Jessamine Co	201 Canter Lane, Jessamine Co, KY	US
S1-109396190	Raleigh Direct Sunshine Corp	119 59th Street, Seattle, WA	US
S1-866741616	Super Technology	N-1201, Prateek Laurel, Sector-120, Noida, Noida, Gautam Buddha Nagar, Uttar Pradesh	India
S1-541652796	E & L Gores PC	3925 Heidelberg Drive, Hope Mills, NC	US
S1-996507806	Pediatric Dentistry Precision Care LLC	1905 Brook Boulevard, IN, Warsaw	US
S1-139401572	Prakriti India (India) Pvt. Ltd.	196/18 &19 Ist Floor Aiswarya Commercial Center R S Puram, Coimbatore, Tamil Nadu	India
S1-997120663	Surat City Pharmaceutical Private Limited	H.No. 12/837 Gr. Floor, Bhavnagri Sheri, Surat City, Surat, Gujarat	India
S1-303213003	Volk First Labs, LLC	2610 29th Place, Tulsa, OK	US
S1-806485693	Cross Endocrinology	17820 State Line Road, Lansing, IL	US
S1-809240291	Bharat Exports Pvt Ltd	401Srivenkateswaraenclave, Road No. 10/B, Manikonda, Rangareddy, Telangana	India
S1-184137996	Vijay Healthcare Limited	D. No 11-10-268/6/A/1, Shop Zone, Yellandu, Khammam, Telangana	India
S1-174290728	Roopraj Appliances Limited	19, Ist Floor, Corner Market(C/O World Wide Tour) Malviya Nagar, New Delhi, South Delhi, Delhi	India
S1-258969920	Swastik International Private Limited	B-101, Ridhi Sidhi Comple, M G Road, Borivali (East), Borivlai East, Mumbai, Maharashtra	India
S1-984025934	Imojean Boyd Signature China Inc	29W 270 Forest Avenue, West Chicago, IL	US
S1-713416149	Slate LLC	24 Turning Mill Road, Lexington, MA	US
S1-272254334	Eastern Tech Projects Private Limited	Tp 5/547, Near Mary Matha Cathedral, Thamarassery, Kozhikode, Kerala	India
S1-160812869	Rocky Center	7430 Williams Avenue, Saint Louis, Fl 0, MO	US
S1-792896996	Angeles Shipping LLC	1010 F Street, Harlingen, TX	US
S1-346681735	Express Nutrition Digital	8112 St Charles Rock Road, Unit SUITE A, Saint Louis, MO	US
S1-203772241	Vetecex Group	Sacramento, 2761 Stockton Boulevard, CA, Unit APT 420	US
S1-839348084	Tirupati Computech Private Limited	Workshop Corner, Mettur Town, Salem, Tamil Nadu, Door No.10/160 E, Mettur	India
S1-716080061	Horizon Wellness Partners LLC	18 A Grove Street, Unit 12, Arlington, MA	US
S1-599310463	Family Associates L.L.C.	5715 Hwy 196, Potwin, KS	US
S1-373635517	Cordes Presidio LLC	132 Middlesex Road, Middlesex Township, PA	US
S1-419167253	Housing Alliance	617 Carbon Street, Bldg Rear, Syracuse, NY	US
S1-188134909	Invicta (India) Patient Private Limited	4, Jehan Plaza, New Gangapur Naka, Nashik, Maharashtra	India
S1-360503863	KF Endeavour Pvt Ltd	38-B Gobind Nagar, Ambala, Haryana	India
S1-86441125	Sauceda & Solis	145 River Birch Grove Road, Unit 108, Asheville, NC	US
S1-787719241	Vision Associates LLC	3180 129th Lane, Blaine, MN	US
S1-892952625	Nagiya Krishna Pvt Ltd	22/265 Talkus Building, Airport Road, Paliakara, Angamaly South, Paravur, Ernakulam, Kerala	India
S1-918713810	Lorenza M. Jeffers, O.D.	207 Wrenn Drive, Unit P, Cary, NC	US
S1-228884127	Germany, Ramsay & Vittitow Japan	4170 Baxter Road, Nashville, TN	US
S1-391814388	Lucknow Mutual Private Limited	Lucknow, D-43, Uttar Pradesh, Pratapgarh, Salehnagar, Sainik Nagar	India
S1-586172272	Red Technology Private Limited	B/2/268, Madhuvrund Society, Swi Park, Nr Gopal Bag Soc, Neelkhanth Mahadev Man, Dir Road, Ahmedabad, Gujarat	India
S1-988708229	Saroornagar Technologies Private Limited	Plotno165 Teachers Colony, Vignanpuri Colony Road 3, Saroornagar, K.V.Rangareddy, Telangana	India
S1-121332262	Surya Producer Private Limited	C/O Nand Jee Dubey Vill, Dasiyawan Rampur, Kesath, Buxar, Bihar	India
S1-719693602	Balaji Engineering	1-H1, Karthik Nagar Sowripalayam, Coimbatore, Tamil Nadu	India
S1-174657	Elite Telecom Union	355 Russ Court, OR, Mcminnville	US
S1-834864420	Peacock Trust Ltd	2-10-309/2/6 Prasanthinag, Hanamkonda, Warangal Urban, Telangana	India
S1-183878283	Wealth Three Private Limited	501, Shapath Complex-1, Opp. Rajpath Club, Ahmadabad City, Ahmedabad, Gujarat	India
S1-111004357	Pioneer Global Private Limited	Pushpak-22, Mitra Niwas Road, Ratlam, Madhya Pradesh	India
S1-336713437	Safalya & Brothers Private Limited	201/A, Vertex Vikas, Sir M. V. Road, Andheri (East), Mumbai, Maharashtra	India
S1-125627390	Blue Council	751 Fletcher Avenue, Indianapolis, IN	US
S1-402272627	Tinsley Golden Home Care LLC	75 Jeremy Hill Road, North Stonington, CT	US
S1-167098629	Heritage Talent Digital Inc	CA, 721 Riverside Avenue, Santa Cruz	US
S1-715888147	Cobbs and Sharer LLC	IL, Glenview, 2646 Pauline Avenue	US
S1-76146608	Haveli Flour Private Limited	Unit No. 701 Aquila Apartments Plot No 101, Anand Park, Haveli, Pune, Maharashtra	India
S1-552611163	Tessi E. Person, D.C., P.C.	OH, 4337 191st Street, Cleveland	US
S1-461462917	Dawa Bazaar R.N.T. Marg Project Private Limited	124, Third Floor, Dawa Bazaar R.N.T. Marg, Indore, Madhya Pradesh	India
S1-769557971	Raso & Vanderpool Fox	2215 San Juan Trail, Tucson, AZ	US
S1-393893683	Perfect Consulting Private Limited	A/7, Trade World, Kamala City, Senapati Bapat Marg Lower Parel (W), Mumbai, Mumbai City, Maharashtra	India
S1-202503754	Aggy Trujillo Royal Sab	519 Pineville Road, Statesville, NC	US
S1-17463957	Laxmi International Pvt Ltd	1322/89 Hemkunt Chamber 13Th Floor Nehru Place, Delhi, New Delhi, Delhi	India
S1-600526776	Legacy Cleaning LLC	Unit Unit 112, 1305 University Avenue, IA, Waukee	US
S1-877792801	Plemmons Pattana Inc	1733 Butler Road, Alabaster, AL	US
S1-557732888	Wendy Barker Managed LLC	14120 Cedar Lane, Humble, TX	US
S1-256795949	Creative Rio LLC	Salem, OR, 4115 Sunnyview Road	US
S1-865704860	Physical Therapy Platinum Partners of Houston LLC	7216 Los Angeles Street, Houston, TX	US
S1-810734839	Ronet Clear Texas, L.L.C.	3876 Pincher Street, Bellingham, WA	US
S1-594559549	Balaji Investment Pvt Ltd	510, Wing A, 5Th Floor, Carlton Towers Old Airport Road, Kodihalli, Bengaluru, Bangalore, Karnataka	India
S1-245023930	Frog India Ltd	Plot No.176, Sector 52, Gutigau, Gurugram, Gurgaon, Haryana	India
S1-370712658	Edenfield Commodity	2168 Hitching Post Lane, Schaumburg, IL	US
S1-155840225	Exports Saru Services Limited	C/O Ombeer Singh, Suthyana, Greater Noida, Gautam Budh Nagar, Noida, Gautam Buddha Nagar, Uttar Pradesh	India
S1-152731297	Square Trading Private Limited	24, Hemanta Basu Sarani, Manglam, A- Block, R. No. 201, Kolkata, Howrah, West Bengal	India
S1-637685044	Sunrise Engineering Private Limited	55/10, Puthussery Arcade, Kadiyangad Junction Kadiyangad Post, Perambra Via, Kozhikode, Kerala	India
S1-724608342	Jeanne Chin Heritage Staffing, Inc	11512 Rd 114, Paulding, OH	US
S1-136933096	Preferred Atlantic Minerals, LLC	1020 Peace Street, Unit R 6, Raleigh, NC	US
S1-595528482	Interstate Fund	216 Prentice Street, Unit 114, City Of Stevens Point, WI	US
S1-652185060	Greens Development Limited	No 2/156, North St, Thavasimadai Panchayat, Dindigul, Tamil Nadu	India
S1-75762876	A Trusted Canada LLC	195 Rodeo Road, Unit 220, Casa Grande, AZ	US
S1-992567987	Kirbie's Creative Transport	17200 Bell Road, Unit 1701, Surprise, AZ	US
S1-534799627	Person and Tran	12516 Capitol Saddlery Trail, Austin, TX	US
S1-228398068	Estates Educational Society	Survey No. 4784/A1/C/2, Shop No. 07 And 18, 2Nd Floor, Pride Icon, Gokul Road, Hubli, Dharwad, Dharwar, Karnataka	India
S1-700383051	Delhi Communications Pvt. Ltd.	652 First Floor Phatak Dupty Sultan Churiwalan, Delhi, Central Delhi, Delhi	India
S1-713283744	Consulting Prudent Coir Pvt Ltd	Ttcs Laboratory Llp, 404, 4Th Floor Poonam Arcade, Nr. Asopalav Showroom, Ahmadabad City, Ahmedabad, Gujarat	India
S1-472872032	Zeus & Sons Private Limited	116-A, Silicon City, Opp.Emerald Ht. School Po At Rajendra Nagar, Ab Road, Indore, Madhya Pradesh	India
S1-300912906	Ghazipur Clothing Private Limited	Saklenabad, 108, Ghazipur, Uttar Pradesh, Ghazipur	India
S1-739775071	AJ Treasury LP	AL, Bessemer, 1413 13th Avenue	US
S1-502039482	Redwing Center Private Limited	South Delhi, K 43 B Kalkaji, New Delhi, Delhi	India
S1-96425143	Maix Complete Figx LLC	N9086 Kernan Avenue, Village Of Harrison, WI	US
S1-583094024	Ridge School of Medicine Inc	217 Foxgrape Hollow, NC, Beech Mountain	US
S1-761643903	LH Finance Ltd	Delhi, North West Delhi, Vardhman North -Ex Plaza Netaji Subhash Place, House No. H-4 Shop No - 304 3Rd Floor, Delhi	India
S1-778726773	Quill Polytechnic	31, Lbs Street Sastri, Str Muthankadu, Erode, Tamil Nadu	India
S1-569268640	Jai Solutions	Plot No. 175, 176 & 177, Swamy Ayyapa Society, Guttala, Begumpet, Kavuri Hills, Shaikpet, Hyderabad, Telangana	India
S1-952774802	Silver Packaging Corporation	1706 Severn Road, Unit R, Severn, MD	US
S1-155033161	Janhavi Traders Private Limited	S-062, Unistar Estate, Sahara Mall, M G Road, Dlf Qe, Gurgaon, Haryana	India
S1-434956269	Secure American Bleichroeder	2 Day Street, Norwood, MA	US
S1-9568196	Chetan Brothers Pvt Ltd	G-1-116, Riico Industrial Area, Sanganer, New Saigoul Road, Jaipur, Rajasthan	India
S1-76507658	Peflovue Worldwide Inc.	12755 Mill Creek Road, Lolo, MT	US
S1-288143358	Khairatabad Chits Limited	6-3-596/69, Naveen Nagar, Khairatabad, Hyderabad, Telangana	India
S1-382861164	Fortune Finance Private Limited	Rs No 226, Flat No C-808 Anantpuram Appart Bapat Camp, Kolhapur, Maharashtra	India
S1-291109440	Williams, Higgins & Garrett LLC	17252 Village Main Boulevard, Unit 15, Lewes, DE	US
S1-39113532	EVL Shipping Private Limited	C/O Om Prakash Malakar, Tola-Kahara Panchdhabauli, Patarghat, Saharsa, Bihar	India
S1-451119317	Tully Taxable	1017 Westgate Avenue, Durant, OK	US
S1-360877297	JXW Spade, LLC	3209 11th Avenue, Pine Bluff, AR	US
S1-465007516	Perl Wilson, CPA, PC	KS, Kansas City, 3537 Rainbow Boulevard	US
S1-892739871	Om Logistics Private Limited	309 3Rd Floor Plot No.2, Vardhman Crown Mall Sec19, Delhi, South West Delhi	India
S1-568546215	G & E Peace Inc.	113 Santa Fe Trail, Jacksonville, AR	US
S1-7646325	Coralyn Benett Diamond Northland	151 7th Street, Oyster Bay, NY	US
S1-142161944	Tio Companies LLC	842 Canton Point Road, Dixfield, ME	US
S1-597096405	Sion Horizon Cloud LLC	49 Field Street, Unit 2, Brockton, MA	US
S1-504261681	Dorena's Apparel, LLC	IL, 16563 Cozart Avenue, Pembroke Township	US
S1-839680533	Clean India Private Limited	F3, 1St Floor, Shiv Complex, Village Vallabh Vidhyanagar(M), Taluka Anand, Dist. Anand, Anand, Gujarat	India
S1-84668021	Raj Consulting Private Limited	712, Plaza Panchshil, Gamdevi, Mumbai, Maharashtra	India
S1-776954181	Technology Xact Sports Ltd	# 55, 2Nd Cross, Shampur Road, Coffee Board Colony, Bangalore, Karnataka	India
S1-247267200	Sheba Pesticides Ltd	2/395-21, Kannappan Nagar, Kattiganpalli, Krishnagiri, Krishnagiri, Dharmapuri, Tamil Nadu	India
S1-215958440	Kaitlyn's Construction	321 Florence Avenue, Syracuse, NY	US
S1-785596927	Ganpati & Co	Level 5, Dnyanvatsal Complex, Opp. Vandevi Mandir, Karve Nagar, Pune, Maharashtra	India
S1-255499373	Viola Nursing Home	01, Osho Drive Gadaipur Road, New Delhi, Delhi	India
S1-489543846	Shakti Logistics Private Limited	Plot No. Rb-500, Riico, Industries Area Karoli, Tizara, Alwar, Rajasthan	India
S1-185502834	Urology Group LLC	6508 Roth Drive, Joliet, IL	US
S1-623858923	Surya Business Private Limited	Flat No 603 Bldg No 122 B Wing Bhakti Heights Tilak Nagar Opp Icici Bank Chembur Mumb, Ai, Mumbai, Mumbai City, Maharashtra	India
S1-823741381	Sarasiya Infraprojects Private Limited	# 12-10-587/2/B, Road No 4, Medibhavi, Seethafalmandi, Secunderabad, Hyderabad, Telangana	India
S1-103306793	Swastik Management	Flat No. 1006, 10Th Floor Block C, Hig Flats, Sec 29, Rohini, Delhi, West Delhi, Delhi	India
S1-384915150	Violet Yoder Pharma LLC	2259 Hermitage Way, Unit APT 208, Indianapolis, IN	US
S1-207084028	Venus Constructions Private Limited	C/O- Ram Kishor, Khetkuri, Manbhawna, Dhammaur, Sultanpur Sadar, Sultanpur, Uttar Pradesh	India
S1-491036425	Oncology Medicine	4 Collins Avenue, Unit B, Plymouth, MA	US
S1-34181833	Ear Nose & Throat Medicine LLC	2500 Melbrook Drive, Kankakee, IL	US
S1-702568540	Commercial Construction Advisors LLC	35 Ross Road, Wilmington, DE	US
S1-498976806	SET Sterling Abacus LLC	779 Barnaby Road, Fluvanna County, VA	US
S1-415628732	Space Infra Pvt Ltd	Maharashtra, Mumbai, Mumbai City, A-17, Gaurav Annexe, Nr. Mandvi Co.-Op. Bank R.R.T Road, Mulund West	India
S1-51279149	Cozy Auto Body Inc	2446 Main Street, Barnstable, MA	US
S1-549815345	Virgina Yang Ridge	6641 Artesian Avenue, Chicago, IL	US
S1-563260368	Marlee Sievert Carolina	239 Tims Cove Road, Willimantic, ME	US
S1-961234533	Sierra	110 750, Bountiful, UT	US
S1-651994278	Apex International Private Limited	A.P, 9-30-4 Siripuram Visakhapatnamvisakhapatnam Andhra Pradesh, Andhra Pradesh, Vishakhapatnam	India
S1-372675685	North Marketing Limited	Punita W/O Deepak Arora, Plot No 1 G/F, Mor Land, New Delhi, Central Delhi, Delhi	India
S1-748240635	Cornerstone Environmental Concepts, LLC	5849 Dorton Lane, Henrico County, VA	US
S1-33537044	UTM Gravity Inc	22 Quigley Avenue, Chelmsford, MA	US
S1-719875326	Gls Kitchen Pvt. Ltd.	8/1104, Rajiv Gandhi Bypass, Ernad, Malappuram, Malapuram, Kerala	India
S1-965220880	T 2 Reliable Supply, LLC	5405 Merribrook Ln, KY, Louisville	US
S1-405520008	Gaj Assurance (India)	No 33/4, 2Nd Floor, Madipakkam Koot Road, Saidapet, Kanchipuram, Tamil Nadu	India
S1-259841007	Young (India) Constructions Private Limited	4526 Dlf Phase 4, Hibiscus Main, Dlf Qe, Gurgaon, Haryana	India
S1-847347269	Rosalind B. Hernandez, DPM	15 Quincy Close, Ridgefield, CT	US
S1-714440011	Lakshmi Construction Private Limited	Village - Paraspur, Post-Paraspur, Gonda, Gonda, Uttar Pradesh	India
S1-775803070	Clark Best Stores LLC	821 Chadwick Circle, Frederick, MD	US
S1-195080397	Anand Engineering Private Limited	26, Silarpur, Near Secretariat, Mandi Ateli, Rewari, Haryana	India
S1-837652863	Shree Clinic	61-1, Thotta Salai, Vagarayam Palayam, Coimbatore, Tamil Nadu	India
S1-165879099	Mountain Society	6490 19th Street, Unit #D, Fircrest, WA	US
S1-149898575	Brand Coinshares LLC	394 Hillcrest Drive, City Of Aberdeen, MD	US
S1-733371127	Seo Trust	8832 Town And Country Boulevard, Ellicott City, MD	US
S1-271817074	Horizon LLC	106 Hampton Vista Drive, Brookhaven, NY	US
S1-717996570	Gresh College	22 June Street Terrace, Worcester, MA	US
S1-867117724	Ballou, Sorum and Matos Sachs	3152 Newton Road, Promise City, IA	US
S1-642004710	Callahan & Black Management Inc	TX, 1003 12th Street, Nederland	US
S1-502781798	Gourmet Iron Private Limited	C/O Smt Sushama J Patwardhan Randaspeth, Nagpur, Maharashtra	India
S1-152672519	Mohit Construction Pvt Ltd	First Floor, Chennai, Khivraj Complex Iii, 480, Anna Salai, Chennai, Chennai, Tamil Nadu	India
S1-749067273	Industries Vardan Fresh Ltd	705, Ansal Vikas Deep Building Laxmi Nagar District Centre, Vikas Marg, Delhi, East Delhi, Delhi	India
S1-934706080	Wang, Marceau and West	4 Woodduck Point, Rehoboth Beach, DE	US
S1-150089224	Bright Tech Private Limited	S.C.O 191, 3Rd Floor, Huda Ground, Jind, Haryana	India
S1-335301031	Good Consultancy Limited	H.No.31/A, Vengalrao Nagar, Hyderabad, Telangana	India
S1-581088143	Roots Securities Pvt Ltd	C-87, Goyal Park, Opp Goyal Plaza, Vastrapur, Ahmadabad City, Ahmedabad, Gujarat	India
S1-915540133	Zenith Tax LLC	5241 Sable Court, Mentor, OH	US
S1-485746878	Binevue Silver Enclave LLC	18 Smith Avenue, Delevan, NY	US
S1-193577408	Rose Developers Pvt Ltd	A 17, Raju Enclave Dwarka, Kakrola, New Delhi, Delhi	India
S1-202442008	Kautilya Advisors Company	1/357, Sree Karthigai Lakshmi Nagar, Thuvariman, Madurai, Tamil Nadu	India
S1-647072167	Diamond Packaging Innovations Corp	Unit 303, Washington, 3000 Tilden Street, DC	US
S1-955841937	Chiropractic Center LLC	Mcalester, 1917 Green Meadows Drive, OK	US
S1-702623830	Behavioral Health Interstate Care Associates	6741 Rice Road, Chatham Township, OH	US
S1-908044271	Keystone Municipals LLC	327 Penny Road, Unit BLDG, Wenatchee, WA	US
S1-581169009	60/49 Vehicle LLC	482 Glen Lily Road, KY, Bowling Green	US
S1-530544910	Mandi Dean Jersey Inc	892 100, Orem, UT	US
S1-203955016	Green Infra Private Limited	Bhaiyasaheb Ambedkar Naga, R, Ot Section, Kalyan, Thane, Maharashtra	India
S1-428622363	Orbos Insurance LLC	426 Counselors Way, SC, Fort Mill, Unit APT 208	US
S1-56989020	Travis Aimei LLC	331 Railroad Street, Lovington, IL	US
S1-241389619	Prashant Ahmed Limited	D-201 Mayfair Meridian Bldg-2, Off Sv Rd Amboli, Ceaser Road, Andheri West, Mumbai, Mumbai City, Maharashtra	India
S1-209008446	Bharat Food Private Limited	Flat No.701, A Wing Ambika Plaza, 90 Feet Road, Mulund (E), Mumbai, Maharashtra	India
S1-9730963	Optimal Intelligence Innovations, LLC	631 Holmes Avenue, Lima, OH	US
S1-386601124	Francisca Fritz Crystal Global	2002 Butternut Road, Temple, TX	US
S1-407542251	Coastal Ridge King LLC	181 Milan Avenue, Norwalk, OH	US
S1-482632930	Division of Consumer Affairs	1911 23rd Circle, Hondo, TX	US
S1-924302858	Swastik Good Producer Private Limited	Kmc Xvii/130 Balavilas Bldgsreenivasa Iyer Road, Kottayam, Kollam, Kerala	India
S1-938180046	Vista Solutions Private Limited	B-88, Gf-3, Ramprastha Colony, Ghaziabad, Uttar Pradesh	India
S1-741105843	Daffie Botelho, D.O., P.C.	480 Barber Loop, Mooresville, NC	US
S1-697138545	EH Management Private Limited	Xxiv/532, 2Nd Floor Meda, Opp Dlf Nth, Seaport - Airport Roa, D, Kakkanad, Ernakulam, Kerala	India
S1-444858095	Amaravati Academy	D-301 Sector-7 Suncity, S.P. Ring Road, Daskroi, Ahmedabad, Gujarat	India
S1-969403285	Nagindas Master Road Services Private Limited	301, Gundecha Chambers, Nagindas Master Road, Mumbai, Maharashtra	India
S1-479161107	C A Evans Noble	1611 Windsor Woods Boulevard, Fort Wayne, IN	US
S1-310278174	India Aura Project Private Limited	503 Silver Arch, Aprtmnt 22 Feroz Shah Rd, New Delhi, Central Delhi, Delhi	India
S1-20876055	Eileen Bustamante Enterprise	7603 Tidewater Drive, CA, Vallejo	US
S1-226090714	Star Infra Private Limited	1/440, Vadakkancherry P.O.Trichur Dist, Thalapilly, Thrissur, Kerala	India
S1-558219253	Ankita Medical Centre	9-4-62, Nizam Colony, Tolichowki, Hyderabad, Telangana	India
S1-973078151	WYQ Services Pvt Ltd	380 Aswini Dutta Nagarhindmotor, Hooghly, West Bengal	India
S1-471700224	UX Global Private Limited	Delhi, J-1955, Chittranjan Park, New Delhi	India
S1-588225957	Red Healthcare Private Limited	51-A Friends Colony, Delhi, East Delhi, Delhi	India
S1-912991887	Kr Industries Group	R No 15 Hotel Shed Gr Flrnilkanteshwar Bldg Annie Besant Rd, Mumbai, Maharashtra	India
S1-504933019	Watts, Wall & Anderson Nuclear Clinic	201 Sollie Ayscue, Henderson, NC	US
S1-404079969	Shyam East Pvt Ltd	529D/164/Ff-10, Sun Tower Kanchana Vihari Marg, Kalyanpur, Lucknow, Uttar Pradesh	India
S1-419922883	Sg International School	Ghaziabad, Kd/91 A Kavi Nagar, Uttar Pradesh	India
S1-149756625	Tales Teaching Private Limited	West Bengal, Calcutta, 71 Canning Street	India
S1-132449362	Continental Blue Spire LLC	2271 Sunley Lane, Chesterfield, MO	US
S1-679713048	Dot Martinez, O.D., P.C.	15 Hasbrouck Drive, Unit Apartment H, West Haverstraw, NY	US
S1-883760053	Health Fellowship	13505 Van Hollen Road, Manor, TX	US
S1-936115324	Sudershan & Brothers Ltd	Aashreya 7-1-34 F N Ameerpet, Hyderabad, Telangana	India
S1-830650781	Rvd Language Group	3-Fr Fl-3D 5C Sandal Street Kolkata, Kolkata, Howrah, West Bengal	India
S1-390872819	Sakhi Welfare Society	8-2-5 To 12, Ravula Residency Srinagar Colony, Punjagutta, Hyderabad, Telangana	India
S1-292684571	Maroney Advanced Harmony LLC	TX, 1319 Ridgefield Loop, Round Rock	US
S1-651483834	IX Innovative Abony Corp	40 Savage Lane, NC, Hendersonville	US
S1-145562720	Rmb Foundations Ltd	B-138/B, 3Rd Cross Road, Peenya Industrial Area, Shushruti Nagar, Peenya, Bengaluru, Bangalore, Karnataka	India
S1-291654549	A Cure 6 IT	11890 Pasco Road, Apple Valley, CA	US
S1-699460640	Bright Property Digital Red Oak	102 Carol Lane, Red Oak, TX	US
S1-509859051	Delta Fellowship	814 Circle Drive, Terrell, TX	US
S1-831456529	Grace Chapel	22 Lewis Drive, City Of Aberdeen, MD	US
S1-45275723	Thea Ortiz Invesco LLC	45 Poplar Street, Islip, NY	US
S1-869319064	Ballew & Holmer, Inc	5109 Rock Beauty Court, Waldorf, MD	US
S1-854063113	Josey Pioneer Dynamic	4101 Rancier Avenue, Unit 612, Killeen, TX	US
S1-21164424	Vishal Polytechnic Company	1, Tamil Nadu, River View Enclave, Teesta Street, 3Rd Main Rd, Sriperumbudur, Kanchipuram	India
S1-810962623	Tech Foods Private Limited	15, F.P.396, Fariawala, Estate, Opp. Hotel Avtar, Ahmadabad City, Ahmedabad, Gujarat	India
S1-947563235	Faulkner Patriot Eagle	1003 Eason Avenue, Buckeye, AZ	US
S1-175389879	Beacon Clough, LLC	3409 Chihuahua Street, Dallas, TX	US
S1-626949347	Elspeth Smith Frontier Gsr LLC	379 Fm 369, Iowa Park, TX	US
S1-963573260	Big Tavern	MD, 514 Riverside Drive, Fl 0, Pasadena	US
S1-361048423	Preferred Peak Enterprises LLC	4512 Texoma Place, Moore, OK	US
S1-383737004	Choice Mortgage Group	1844 Bass Loop, Colorado City, TX	US
S1-520027791	Vas Cv Private Limited	Plot No.25, Gayathri Nagar, Srinivasa Nagar(East), Behind Huda Maitrivanam, Ameerpet Hyderabad, Telangana	India
S1-48068006	Zito Yhn LLC	KY, 147 Frankie Drive, Richmond	US
S1-860418255	United Charter School	15425 Haiku Road, Evansville, IN	US
S1-475183963	Costa & Natividad Payment	1318 Superior Street, Genoa, OH	US
S1-191209328	Bay Project LLC	1404 Main Street, Warsaw, IN	US
S1-524084751	Sunray Quality Private Limited	Mi No:463 A/P Laul Tal:Madha Dist:Solapur, Laul, Solapur, Maharashtra	India
S1-408941682	Primary Care Group of Indianapolis LLC	Indianapolis, IN, 1325 Ohio Street	US
S1-386550076	Allied Tidewater	617 Jefferson Street, Toulon, IL	US
S1-748867572	Britt Best Willow LLC	16955 Toronto Avenue, Unit Apartment 115, Prior Lake, MN	US
S1-586802916	Verile's Fresh Boutique LLC	9496 Chesapeake Drive, OH, North Royalton	US
S1-843199788	Shantaram Institute of Technology	D-38/A, Ashok Marg C-Scheme, Near Ahinsa Circle, Rajasthan, Jaipur	India
S1-252570434	Bogle Investments LLC	2209 Caronia Street, Unit D, Charlotte, NC	US
S1-400898759	Optimal Global Madison	1073 Little Grave Creek Drive, Glen Dale, WV	US
S1-92120993	Bingham, Lyons & Villa, Inc	49 Tankeroosen Road, Vernon, CT	US
S1-734475733	Williams Vanguard Consumer	454 Golf View Drive, IL, Crystal Lake	US
S1-34603018	Peach Serve (India) Private Limited	Tentulberia, Natun Para Garia Station Road, Po- Garia, Kolkata, Kolkata, Howrah, West Bengal	India
S1-421140629	Sunderland Baptist Association	248 Amherst Road, Unit 7C, Sunderland, MA	US
S1-61939087	Empire Certified Xrp	101 Fox Chase Drive, Gadsden, AL	US
S1-328875820	Southern Logistics	Shop No. 101/102 Ff, Sr No. 4311, 4312 Shobha Chambers, Zaveriwad, Ahmedabad, Gujarat	India
S1-93843316	Ernesta Pearce, O.D., PC	7430 Wasatch Boulevard, Unit J1, Cottonwood Heights, UT	US
S1-243964430	Ear Nose & Throat Supreme Care PC	37 Commonwealth Avenue, Unit 4RR, Boston, MA	US
S1-970720582	Classic Electronics Technologies	1239 Tillerman Place, Fl 0, Curtis Bay, MD	US
S1-71184815	Secure Usa LLC	4163 Green Trail, Town Of Jackson, WI	US
S1-153485613	QO Suisse LLC	470 Dollinger Drive, Romeoville, IL	US
S1-537410650	Portland, Township Of	5805 Milwaukie Avenue, Portland, OR	US
S1-164081713	ZH Acquisition Inc	30445 1st Place, Federal Way, WA	US
S1-614013818	Salvo Home Improvements	924 Lynchburg Drive, NC, Jacksonville	US
S1-135251474	Helot Medical Centre Pvt Ltd	Bangalore South, 16Th Cross, 27Th Main, Sector-1, No 2729, Karnataka, Bangalore	India
S1-271049848	St. Ministries	9107 Beach Road, Cicero, NY	US
S1-919750282	BTB Spade PLLC	6425 Wilkinson Boulevard, Unit A, Belmont, NC	US
S1-88307124	20/20 Vision Center LLC	1348 Heritage Hills Way, Wake Forest, NC	US
S1-114144410	Perri Bobo, CPA, DDS PC	708 Ryan Street, Girard, KS	US
S1-717921191	Piedmont Trust III	IL, Glencoe, 433 Oakdale Avenue	US
S1-240637747	Nellie Schaller Scientific	12732 1/2 Central Park, Austin, TX	US
S1-419625791	Primary Care Center of Cincinnati LLC	3100 Windsong Drive, Cincinnati, OH	US
S1-576393711	ZKJ Merchants Limited	98, Patel Nagar, Deoli, Tonk, Rajasthan	India
S1-160393706	Nadiya's Gulf Physical Therapy PLLC	7524 Gingerblossom Drive, Citrus Heights, CA	US
S1-851051313	Ridge Diana LP	Greenville, NC, 1725 Arlington Boulevard, Unit 102	US
S1-468461684	Quantify Hovnanian	742 Second Street, West Brooklyn, IL	US
S1-960182443	Gujarat Energy	83 Sp Mukherjee Road, 4Th Floor Kolkata, Kolkata, Kolkata, Howrah, West Bengal	India
S1-425569447	Bay Custom Productions LLC	209 Grove Street, Pikeville, TN	US
S1-67490113	Zhu Safe Drive LLC	2500 Watermark Terrace, Unit 117, Elgin, IL	US
S1-894269774	Jai Academy LLP	Unit 7B, 7Th Floor, 41 Shibtolla Street, Posta, Kolkata, Kolkata, Howrah, West Bengal	India
S1-800301400	Dev Services Private Limited	Office No 103, Ganesh Smruti Gaothan, Virar West, Thane, Maharashtra	India
S1-140176981	Daskroi India Private Limited	Devgram Residency, Opp Aquapolaris Residency, Daskroi, Ahmedabad, Gujarat, E-703	India
S1-355343805	General Commercial Systems LLC	13 Nelson Street, Wareham, MA	US
S1-31505100	Highland Charities	77 Montauk Highway, Brookhaven, NY	US
S1-443154384	Span Media Limited	D- 298, Basement Defence Colony, New Delhi, Delhi	India
S1-52701010	Shrinidhi Holdings	F, No-810 & 811, 8Th Floor, Manjeeratrinitycorporate, Tirumalagiri, Hyderabad, Telangana	India
S1-215328816	Ridge Montessori School	15588 Merrill Avenue, Fontana, CA	US
S1-12075135	Prime Construction Industries LLC	407 Sycamore Street, Unit D, Clarkston, WA	US
S1-525096876	Northern Custom East, LLC	132 Coontown Mountain Road, Edmeston, NY	US
S1-159104980	Coates & Milton Emera LLC	328 Court Street, Prestonsburg, KY	US
S1-233316635	Legacy Logistics Enterprises Inc	1312 O Avenue, Unit 3, Anacortes, WA	US
S1-394705639	Shiva Logistics Private Limited	Neev Aura, Level 3, 19Th Main, Sector 3, Hsr Layout, 7/A, Bangalore, Karnataka, Bangalore	India
S1-682811460	Spero, Watson & Breaux Technical Inc	30 Saint Paul Street, Unit Apartment 1, Amsterdam, NY	US
S1-233578344	Community Services	1119 Budlong Street, Carthage, MO	US
S1-464679420	Johnson, Dorree D., P.A.	105004 Hidden Valley Drive, Mcloud, OK	US
S1-704010386	Pediatric Modern Associates Inc	243 Newton Street, Unit 2, Boston, MA	US
S1-274659648	Integrated Media Concepts Corp	Kingsport, 3907 Skyland Drive, TN	US
S1-141941354	Bright Metro L.L.C.	284 Danforth Street, Unit APT 104, Portland, ME	US
S1-753165522	Kellett Chimera	111 10th Street, Huntington, NY	US
S1-114307063	Gao and Baty Genesis Corp	Town Of Delafield, W312N763 Fairfield Way, WI	US
S1-223404776	American Council P.C.	Unit SITE A, OK, Mcalester, 998 Lookout Mountain Road	US
S1-967303502	Uptown Deli	7231 Loralea Drive, Hanover County, VA	US
S1-544019441	Cardiology Clinic Inc.	2750 Havenwood Drive, Unit Unit B, City Of Oshkosh, WI	US
S1-630494536	Prairie Auto Inc	16554 Brigadoon Trail, Gulf Shores, AL	US
S1-243732195	Heritage Initiative Inc	3241 Troost Avenue, Kansas City, MO	US
S1-671071076	Ashley Iii	14510 Union Avenue, Unit #3, Lakewood, WA	US
S1-243418626	Mercie Bowe Highland Motors Care	9158 Maple Grove Road, Unit F, Windham, OH	US
S1-787776209	Heritage Community LLC	149 Beach Avenue, Unit Apartment 301, Kennebunk, ME	US
S1-331714707	Vue Pediatrics, Inc	101 Canal Road, Unit 3B, Hebron, OH	US
S1-312677351	Mackinnon Continental Navios Associates	418 Buck Jones Road, Unit 10, Raleigh, NC	US
S1-925425921	Miller Independence Co	872 Kenmore Boulevard, Akron, OH	US
S1-880561678	Apex Fitness Inc	13195 Brant Road, Victorville, CA	US
S1-401153469	Highland Montessori School	2902 18th Street, Rogers, AR	US
S1-779954871	Strategic Harbor Mortgage	2934 El Charro Place, Albuquerque, NM	US
S1-445075595	Schoen Tri-State Jpmorgan LLC	1500 Terrace Drive, Unit APT 31, Brownwood, TX	US
S1-434719296	Tirumalla Nakshatra Private Limited	Maharashtra, Fl-No-A-6, Basant Building, Spandan Nagar, Cidco. N-4, Aurangabad	India
S1-701583396	Shivam Builders	Flat No. N1, Mathosree Apartments, Plotno.376, 376/B, Road No.82, Jubileehills, Hyderabad, Telangana	India
S1-247284513	Castaneda Modern Realty	616 State Street, Rush Twp, PA	US
S1-805319803	Seven Global Pvt Ltd	S.No.40, Digambar Nagar, Maharashtra, Pune City, Pune	India
S1-667017397	Malappuram Offset Private Limited	First Floor, Dhanya Complex Pattambi Road, Pulamanthole, Malappuram, Malapuram, Kerala	India
S1-14516084	Z+ Southern	CT, 45 Saint James Street, West Hartford	US
S1-367291716	ND Liberty Mercury LLC	IL, Lake Zurich, 1155 Omalley Drive	US
S1-283806184	Cobalt	2501 Sunset Drive, City Of Beloit, WI	US
S1-530966759	Elite Security	10610 Sr 762, Unit 169, Lockbourne, OH	US
S1-885988979	Health Coalition	NY, 9703 Versailles Plank Road, Evans	US
S1-169612171	2937 First St Management	621 Highlands Drive, Tucumcari, NM	US
S1-751724860	Bright Prime Cross LLC	256 Vance Street, Rawson, OH	US
S1-118502154	North Constructions Private Limited	Office No Bw9021, Maharashtra, 9Th Floor, G Block Bharat Diamond Bourse, Bkc, Bandra East, Bandra Suburban, Mumbai	India
S1-215012656	Pioneer Services Private Limited	3-B, Light Industrial Area, Jodhpur, Rajasthan	India
S1-251057654	Tripower & Co	Sai Home House No 205 2Nd, Cross Near Pepup Squear, Bellary, Karnataka	India
S1-839132383	Vans Hire Pvt Ltd	Door No Iii/173 Bchirayath Building Cheriakkara Road Putthonchira, Post Thrissur, Malappuram, Malapuram, Kerala	India
S1-98323209	Leonore Reyes Rapid Pampa	8926 Livenshire Drive, Dallas, TX	US
S1-801289176	Royal Consulting	100 Amber Woods Drive, Tega Cay, SC	US
S1-299748202	Cornerstone Inc	127 Hillcrest Road, Maggie Valley, NC	US
S1-514059871	Bell & Lowe, PLLC	128 Fairmount Street, Connersville, IN	US
S1-422237198	Federal Global LLC	225 Jackson Street, Vernon, IN	US
S1-839336653	Kinesis (India) Infraproperties Ltd	2/113 Raheja Crest, Oshiwara Off New Link Rd, Mumbai, Maharashtra	India
S1-754857741	Mcarthur Aegon of Lowell Inc	17342 Tapper Street, Lowell, IN	US
S1-358500669	Gevue Grand Electricity Care	Albuquerque, 8720 Rio Grande Boulevard, NM	US
S1-559395449	Chiropractic Clinic	108 Green Street, Unit 1/2, Mendon, OH	US
S1-990135066	LB Investments Pvt. Ltd.	1St Floor, Tara Bunglow, 465/B, Plot No. 52, Cooper Colony, Sadar Bazar, Satara, Maharashtra	India
S1-512305382	Fidela's Elite Seafood	7367 Central Avenue, Unit UNIT 274, Highland, CA	US
S1-208831154	Cabral Accounting Corp	26 Cypress Creek Drive, Calvert City, KY	US
S1-788224716	Dryden Innovative Fortunex	198 Park Way Drive, AZ, Tonto Basin, Unit 47	US
S1-838440848	Lyra Fast Inc	WA, 25210 Mirrormont Boulevard, Issaquah	US
S1-717843167	Anita Madsen Esports Associates	4035 Hamblin Drive, Phoenix, AZ	US
S1-351397229	Sawant Designers Private Limited	Flat No. A-102, La Regencia, Panipat, Haryana	India
S1-839132496	Apex Foundation Limited	C-5, Chemical Zone, M.I.D.C.Kalyan Badlapur Road, Amernath (West), Mumbai, Maharashtra	India
S1-455565134	All Marketing Private Limited	302 2Nd Floor, Bhera Enclave, Paschim Vihar, New Delhi, West Delhi, Delhi	India
S1-198675986	Choice Biomedical Group	7227 Englehardt Drive, Raleigh, NC	US
S1-871380077	Baramati Healthcare Corp	Shalon Niwas, Vasantnagar, Baramati, Pune, Maharashtra	India
S1-774249108	Sepl Institute of Technology	B-45 Haryhur Society Village Khambhat Taluka Khambhat District Anand, Khambhat, Anand, Gujarat	India
S1-55102023	Brady Dental Associates	12365 Ensley Drive, Fishers, IN	US
S1-491138472	Tejiya Developers Center	55 Amer Complex, Zone Ii, M.P. Nagar Mig 55 Near Pnb Bank, Bhopal, Madhya Pradesh	India
S1-388065298	Coleman Interstate Thayer LLC	8429 Lambright Road, Houston, TX	US
S1-40508795	Dean Tailwind	Talladega, 894 Willman Road, AL	US
S1-705906271	Eye Partners Inc	3402 Richmond Street, Unit Suite C, City Of Appleton, WI	US
S1-780189346	Young Interests	AZ, Phoenix, 15001 29th Avenue	US
S1-895531389	Pamela H. Roth, D.O., M.D., P.C.	7920 Alta Cuesta Drive, Rancho Cucamonga, CA	US
S1-524655338	Berry and Patton Fuse LLC	823 3324, Pittsburg, TX	US
S1-198841366	The Dent Yoga	294 Lincoln Street, Abington, MA	US
S1-383136037	Quirino & Skidmore Mckinley	1889 Hart Street, Ridgewood, NY	US
S1-13979681	Grasso Rocky Cbre	1219 13th Street, Great Falls, MT	US
S1-237349399	Winner Best Limited	Sub Plot No. 6 60/61 Lati Bazar Gita Mandir Road, Ahmedabad, Gujarat	India
S1-251910741	Red Aditya It Pvt Ltd	College Para, Aurangabad, Murshidabad, West Bengal	India
S1-26895703	Moore Total Rain	3945 Octavia Avenue, Chicago, IL	US
S1-781103531	Shree Valley Limited	No. 13, Jagannath Nivas, Ground Floor, Avantikabai Gokhale Cross Road, Opera Ho, Use, Mumbai, Mumbai City, Maharashtra	India
S1-766065023	Colonial Institute Clinic	14460 White Top View, Washington County, VA	US
S1-287054505	Marketing Source Crusher Private Limited	1602, Limona Tower No. 2, Runwal Anthurium, Lbs Marg, Veena Nagar, Mulund (W), Mumbai, Maharashtra	India
S1-91376895	Hyderabad Cuisine Private Limited	Flat No. 101, Vamsiram'S Jyothi Vista Road No.5, Banjara Hills, Hyderabad, Telangana	India
S1-896507413	Youth Network	405 Ventosa Drive, Chesapeake City, VA	US
S1-708650047	Shiva Consulting	3299, At Post- Nimgaon Jali Taluka- Sangamner, District- Ahmednagar, Ahmednagar, Maharashtra	India
S1-900266870	Thane Nidhi Private Limited	Thane, Maharashtra, F No 313/314, Guru Shrushti Apt, H.M. Road, Kalyan East, Piswali	India
S1-77242710	Venevue Johnson PLLC	411 Annaberg Lane, Monroe, NC	US
S1-175157350	XO Jones LLC	15547 Cottage Grove Avenue, Dolton, IL	US
S1-868534636	Urgent Care Quality Center PC	CA, 2909 Easy Way, Carmichael	US
S1-506616855	Clyola Neuberger Group	21 Elm Lane, Westerlo, NY	US
S1-852814239	Rovera Signature Allstate	750 Loudon Road, Colonie, NY	US
S1-460943174	Jain Constructions Private Limited	Door No 31/834 V Square It Hub, 4Th Floor, Pulikkillam, West Road, Chembumukku, Ernakulam, Kerala	India
S1-860787094	Sarvagya Brothers Limited	Flat No.4, Ground Floor, Tower No. 22, Paras Tierea, Gh-01, Sec-137, Noida, Noida, Gautam Buddha Nagar, Uttar Pradesh	India
S1-10580196	Secure Telecom	310 Calion Street, Unit Apt C, Jonesboro, AR	US
S1-963274337	Clear Currencyshares Inc	2629 Holyoke Street, Fl 0, Wichita, KS	US
S1-356575341	Sunshine's Pinnacle Solutions LLC	223 Marlboro Road, Lower Merion Township, PA	US
S1-790108889	Akhil (India) Infra Limited	B-10, Greater Kailash, Enclave Part-1, New Delhi, South Delhi, Delhi	India
S1-854054479	Pine Hall Clear Odyssey	1401 Ridge Road, Pine Hall, NC	US
S1-933589924	Saya Knit Private Limited	51/2 Soundarya Colony Annanagar West Extension Madras, Chennai, Tamil Nadu	India
S1-268709477	Mumbai Security Group	Flat No 202 Plot No 55, Green Lane Sher-E-Punjab, Mumbai, Maharashtra	India
S1-424158750	Bay Coastal Shore	7003 Stone Inlet Drive, Fairfax County, VA	US
S1-448291320	Ledyne Freight LLC	Accokeek, MD, 16309 Tortola Drive	US
S1-927050231	Dental Partners	3426 Yankee Lane, Mead, WA	US
S1-905106256	Krista Windom Cea LLC	1400 Westinghouse Road, Unit 3211, Georgetown, TX	US
S1-43179162	SB Highland Mines, LLC	25990 Cedar Valley Road, Natrona, WY	US
S1-328828277	As & Co	Hno.F-9, Floor-2Nd, Auchandi Road, Land Mark Near Shiv Mandir, Village - Bawana, New Delhi, North West, Delhi	India
S1-940169277	Kaveresh Fashion Corporation	203, Zipra Arcade, Building No 2, Kumbharkhan Pada, Nr Om Laxmi Lotus Soc, Dombivali (W), Kalyan, Thane, Maharashtra	India
S1-573427830	Wildlife Network	5587 Fox Chase Drive, Hokah, MN	US
S1-949050538	Western Gulf Fashion, Inc	Hull, 119 Manomet Avenue, MA	US
S1-286101444	Dental Partners of Rockford Inc.	1125 Grant Avenue, Rockford, IL	US
S1-37388827	East Bright Siddhi L.L.C.	1357 Pecan Street, Mobile, AL	US
S1-446225826	Dynamic Trusted Software Inc	City Of El Paso, 925 Broadmoor Drive, TX	US
S1-736969873	Sangameshwar Brothers Care	Prestige Trade Towerno.46, 23Rd Floor Palace Road, Bangalore North, Bangalore, Karnataka	India
S1-133902932	Jain Edusystems Private Limited	Flat No.302, Chartered Mady, 17Th Main, J..P. Nagar, Phase - Ii, Bangalore, Karnataka	India
S1-342223702	Blue Deli! LP	57 Old Country Road, Unit Suite 1, Westbury, NY	US
S1-996966863	Lakshmi Baba Impex Pvt Ltd	Shop No. 8 12Th Road Circle, Jodhpur, Rajasthan	India
S1-495551624	Newstar Sahani Private Limited	65/F/1, Subhas Nagar, Kolkata, Kolkata, Howrah, West Bengal	India
S1-514444026	Surgical Center	10113 52nd Drive, Marysville, WA	US
S1-15576435	Jobye Mack Genetics, Inc	11283 Robinson Drive, Unit Apartment 309, Coon Rapids, MN	US
S1-912114336	Premier Learning Laboratories Group	9 Tallwood Trail, Fluvanna County, VA	US
S1-551615800	Infrastructure Samanvay Tech Pvt. Ltd.	Vi/565Vrindavanam Nellaya P O, Palakkad, Thrissur, Kerala	India
S1-11200670	Holloway Great Nasdaq Holdings	4717 Lakeside Drive, Omaha, NE	US
S1-965524997	Campbell Property Solutions	25 Crimson View Drive, Sedona, AZ	US
S1-797453242	Chamundeshwari & Sons Limited	Shop No. 2, 2Nd Floor, Jagdamba Palace Near Gurgaon Dreamz Mall, Old Railway Ro, Ad, Gurugram, Gurgaon, Haryana	India
S1-66521471	Ridge Equity Partners LLC	1615 Brentwood Street, High Point, NC	US
S1-343753883	Thirumala Technologies	H No 452 At Washi, Tal Washi, Vashi, Osmanabad, Maharashtra	India
S1-331873768	Pediatric Crystal Associates	1473 Bayfront Street, Accomack County, VA	US
S1-743842828	Zora T. Pennock, DPM	207 Roberts Trail, Benson, NC	US
S1-57328953	Safe Dpc Inc.	1122 Briarwood Circle, Moody, AL	US
S1-781264920	Harbor Medical Center	8612 Smart Avenue, Kansas City, MO	US
S1-166440928	Hotel Krishna Infotech Private Limited	D9, Sector 3, Noida, Gautam Buddha Nagar, Uttar Pradesh	India
S1-426137654	Pediatric Dental Center LLC	14302 Little Rocky Mountain Court, Fairfax County, VA	US
S1-83679816	Balaji Tech Private Limited	Kushalpura, Chanwaji, Jaipur, Rajasthan	India
S1-786985867	Custom Financial Company	H-109, Ground Floor, Village Bamnoli, Near State Bank Of Patiala, Pole No.96, New Delhi, South West Delhi, Delhi	India
S1-616475804	Cancer Guild Inc	2402 93rd Trail, Brooklyn Park, MN	US
S1-524347427	Mava Trusted Dte	2810 Liberty Road, Greensboro, NC	US
S1-228806910	Baba Infotech Private Limited	Abhijit, 7Th Floor Mithakhali Six Road, Ellisbridge, Ahmedabad, Gujarat	India
S1-285451793	Constellation Earthmovers Limited	Mahua, Vaishali, Vill- Mahua Singh Rae, Tola-Mahua Singh Rae Post- Mahua, Ps-Mahua, Bihar	India
S1-890237042	Oncology Ridge Associates Inc.	10363 24, Fairhope, AL	US
S1-117047297	Thoothukkudi Tradex Co	No.26A/1A, Bryant Nagar Viii, Thoothukkudi, Tuticorin, Tamil Nadu	India
S1-15105893	Wealthy Solutions Private Limited	Unit No. 703, 704, Amba Tower, Plot No.2, Community Centre, D.C Chowk, Sector-9, Delhi, North West Delhi, Delhi	India
S1-624983672	Envaon Sui Inc	83482 State Highway 11, Wakita, OK	US
S1-145485432	Family Center	5805 Indian Trace, City Of Madison, WI	US
S1-918127060	Laxmi Exports Private Limited	206 K No 9 Pink Pride, Jaisingpura Bas Teh., Jaipur, Rajasthan	India
S1-597079008	Panet Advanced Paper, LLC	Bloomington, IN, 3130 Goodnight Way	US
S1-146312018	Western Beacon Defense LLC	1519 32nd Street, Fargo, ND	US
S1-91646506	Eastern Constructions Private Limited	Madurai, 36A/12, Tamil Nadu, Khan Palayam, 4Th Street, Madurai North	India
S1-343340671	Continental Marine, Inc	1801 Meridian Street, Unit 402, Nashville, TN	US
S1-964043943	Star Obic	1938 Yakima Avenue, Tacoma, WA	US
S1-969793169	Vega Highland Manulife Holdings	1015 Omni Drive, Salt Lake City, UT	US
S1-682844169	Delly's Data	316 Blackburn Bay Drive, City Of Verona, WI	US
S1-396923246	Temple Synagogue	15 Cleone Drive, Waterbury, CT	US
S1-128777239	Ghaziabad Machinery Private Limited	D-606, Ghaziabad, Uttar Pradesh, Ghaziabad, Nandgram D-606, Nandgram, Gzb	India
S1-781048233	Jay Business Private Limited	Patna, Bihar, C/O Raj Kumari Devi W/O Anup Raj Yadav Mohanpur, Patna, Punaichak, New Capital	India
S1-608369126	Fresh Biomedical Brands LLC	502 Ardmore Avenue, Villa Park, IL	US
S1-673686433	Juhl Silicon	2729 Cardinal Drive, Costa Mesa, CA	US
S1-623177460	Brightance Fisheries, Inc	8648 13, Wheeler, NY	US
S1-446442890	Flores Automotive Inc.	1358 72nd Place, Chicago, IL	US
S1-756532295	Pipefitters Union Local No 724	6 Bicknell Street, Kittery, ME	US
S1-229036658	Allied Program Clinic	3321 Ocean Drive, Manhattan, KS	US
S1-112998882	JQ Pinnacle Markets, LLC	420 W 6th St, Davenport, IA	US
S1-766278627	Kolkata Real Private Limited	P-16, Bentinck Street, Kolkata, Kolkata, Howrah, West Bengal	India
S1-389061762	Urology Care	505 Aragona Boulevard, Virginia Beach City, VA	US
S1-351106191	Champagne Pinnacle Sky Corp	Irving, 3235 Finley Road, Unit 186, TX	US
S1-959673805	New Delhi Systems Private Limited	M16, Second Floor, Veer Savarkarmarg, Lajpat Nagar, Lajpat Nagar Ii, New Delhi, South Delhi, Delhi	India
S1-918368145	UCL Consulting Limited	#24 Sy #139, Shop #3&4, Gear Schl Rd Doddakannahalli, Sarjapura Main Rd, Bengaluru, Bangalore Rural, Karnataka	India
S1-430513984	OX Kera Pvt Ltd	Ground Floor, Door No. 73, Thamarai Street, Iyyapan Nagar, Iyer Bungalow, Madurai, Madurai North, Madurai, Tamil Nadu	India
S1-867672249	Green Builders Private Limited	I-105, Proview Laboni, Crossing Republik, Ghaziabad, Uttar Pradesh	India
S1-130957177	Fin Broadcasting LLP	D/602 Excellency Tower, Maharashtra, Mumbai City, Mumbai, Indralok Phase 8 Bhayander East Mumbai	India
