s1_entity_id	true_entity_id
S1-511076246	S2-100727491
S1-210935903	S3-121609463
S1-10580196	S2-34357118
S1-748867572	S3-726962279
S1-651483834	S2-453351217
S1-30752064	S3-997789709
S1-525096876	S2-826779599
S1-117047297	S3-123086714
S1-655668963	S3-242053090
S1-634246764	S2-573624350
S1-68170645	S3-905748682
S1-582733437	S3-188923749
S1-810734839	S3-244783304
S1-133902932	S3-702219540
S1-912114336	S2-241737906
S1-912114336	S3-820111364
S1-912114336	S3-623673269
S1-952774802	S2-25060208
S1-776954181	S3-488237354
S1-776954181	S3-516491500
S1-415628732	S3-351152963
S1-522995114	S2-662095840
S1-57328953	S3-53446548
S1-619552943	S3-352399690
S1-619552943	S3-143273381
S1-86238158	S2-143882982
S1-86238158	S2-256128343
S1-837652863	S3-548232818
S1-837652863	S3-187667100
S1-837652863	S3-708590293
S1-302558001	S2-621960749
S1-302558001	S2-221689670
S1-302558001	S3-451208408
S1-94816449	S3-822434069
S1-757078074	S2-308074507
S1-154182001	S2-253314738
S1-778726773	S3-877073382
S1-833268125	S2-167701545
S1-358500669	S2-391870916
S1-53356671	S2-256033433
S1-53356671	S3-468658814
S1-67490113	S3-688285022
S1-239085040	S3-409847568
S1-369198632	S3-871488044
S1-495839809	S3-589218934
S1-172627624	S3-525263783
S1-97540739	S3-903685016
S1-919750282	S3-363435812
S1-77242710	S3-579611758
S1-586802916	S3-876317807
S1-419922883	S3-519134920
S1-142550690	S2-978565028
S1-807990988	S3-378195972
S1-198841366	S3-433098719
S1-673686433	S3-480159282
S1-370712658	S3-21931624
S1-599310463	S2-924708653
S1-247284513	S2-213354246
S1-247284513	S2-185907762
S1-434719296	S2-859747961
S1-434719296	S3-636927809
S1-825411169	S3-694044969
S1-707412941	S3-31134626
S1-250070625	S2-977759409
S1-250070625	S3-878543151
S1-250070625	S3-520298562
S1-250070625	S3-789143446
S1-456378342	S2-415166705
S1-702623830	S2-591093417
S1-702623830	S3-332219915
S1-188134909	S3-139997234
S1-973936431	S3-341693750
S1-867117724	S2-99777232
S1-867117724	S2-120423309
S1-621208988	S2-682448909
S1-347000383	S3-311691124
S1-690151152	S2-228559678
S1-7646325	S2-808464735
S1-7646325	S2-828492462
S1-288143358	S2-754934483
S1-288143358	S3-382909824
S1-166567943	S3-673342043
S1-785596927	S3-110844528
S1-769557971	S3-668091884
S1-792896996	S2-332313561
S1-792896996	S3-246043699
S1-727292749	S3-454697448
S1-877792801	S2-987807449
S1-45257038	S3-410400124
S1-132449362	S3-43403457
S1-623858923	S2-955479758
S1-735574718	S2-744597756
S1-735574718	S2-815455910
S1-845522274	S3-310770759
S1-792872528	S2-537622018
S1-719693602	S2-856007932
S1-719693602	S3-570765955
S1-938180046	S3-649908877
S1-938180046	S3-958738783
S1-938180046	S3-185830354
S1-938180046	S3-887255272
S1-860787094	S3-274156141
S1-997580527	S2-382686301
S1-997580527	S2-540673118
S1-997580527	S2-839824103
S1-83402127	S2-272290151
S1-589298046	S2-132408883
S1-589298046	S3-360695819
S1-191510054	S3-713391404
S1-49584394	S2-153767532
S1-937889575	S2-107328570
S1-408941682	S2-400262516
S1-408941682	S2-314317780
S1-408941682	S2-737762637
S1-114307063	S3-886699862
S1-139619805	S2-307706648
S1-819980199	S3-626618436
S1-471700224	S3-514031002
S1-443264302	S2-356669636
S1-914199557	S2-185023182
S1-914199557	S3-421825651
S1-860418255	S2-986705579
S1-746691693	S2-416200825
S1-831456529	S3-329776460
S1-174290728	S3-383468836
S1-667264941	S3-810666500
S1-716080061	S2-813246029
S1-716080061	S2-52938642
S1-716080061	S2-308187284
S1-153594731	S2-209658522
S1-885988979	S3-52818672
S1-939490688	S2-510278810
S1-830650781	S3-622834834
S1-174146241	S2-906926745
S1-498976806	S2-194713447
S1-64285241	S3-436694060
S1-64285241	S3-377868334
S1-393903055	S3-859477543
S1-135251474	S3-559960795
S1-743842828	S3-307443730
S1-656898988	S2-947183399
S1-990135066	S3-863995751
S1-530544910	S3-944871297
S1-40508795	S2-114177474
S1-979621542	S2-12991038
S1-890237042	S3-886603461
S1-552611163	S2-505027039
S1-745738595	S2-833256899
S1-967303502	S3-484487622
S1-523368208	S2-209456276
S1-781103531	S3-371387949
S1-630494536	S2-605458161
S1-223404776	S3-860262430
S1-223404776	S3-532304714
S1-986840295	S2-434170203
S1-652185060	S2-516723593
S1-952865119	S3-17493899
S1-109666175	S2-523332136
S1-445742098	S2-959822393
S1-31505100	S2-992285252
S1-31505100	S3-321037673
S1-838870863	S2-2065988
S1-838870863	S3-786605790
S1-941261133	S3-738953043
S1-941261133	S3-192129105
S1-836296604	S3-286106440
S1-836296604	S3-785125427
S1-836296604	S3-357515885
S1-384396621	S2-681847073
S1-384396621	S2-250406328
S1-330427971	S3-285481739
S1-269770838	S2-166871057
S1-927745296	S2-345025523
S1-413260555	S2-973232185
S1-92120993	S2-490821141
S1-45252741	S3-104517610
S1-980481856	S3-457505674
S1-823741381	S2-721918476
S1-823741381	S2-58990080
S1-322066165	S2-634792347
S1-465007516	S2-279419784
S1-657519036	S3-264563120
S1-545028787	S2-723073109
S1-320151505	S2-230628758
S1-245023930	S3-919954258
S1-975412735	S3-454316628
S1-491138472	S3-43710305
S1-351106191	S3-416693816
S1-37388827	S3-825947548
S1-449387618	S2-72346167
S1-449387618	S2-400895768
S1-5974875	S2-497689768
S1-942384126	S2-324934680
S1-942384126	S2-365894137
S1-942384126	S3-110868255
S1-144748187	S2-921645598
S1-114144410	S2-46323170
S1-91376895	S3-900851657
S1-803160097	S2-399026414
S1-581088143	S2-735148041
S1-175157350	S3-62487358
S1-969793169	S3-892224292
S1-533419421	S2-428375790
S1-164081713	S2-940155859
S1-320133494	S3-169074849
S1-392417866	S2-41519359
S1-281408668	S2-23692283
S1-149898575	S2-887657633
S1-709960468	S2-519500095
S1-709960468	S2-783218448
S1-294128479	S3-538991460
S1-805319803	S2-134516401
S1-539360652	S2-984857463
S1-510688610	S2-949464450
S1-183878283	S3-796640923
S1-33537044	S2-703571182
S1-33537044	S3-96795992
S1-459297936	S2-392101686
S1-506616855	S2-616546129
S1-506616855	S3-90871336
S1-428622363	S2-370601468
S1-272254334	S3-649403553
S1-892324295	S3-320226641
S1-809240291	S3-665830064
S1-126022071	S2-75132969
S1-915540133	S3-464012311
S1-517683305	S2-870253909
S1-446225826	S2-843558420
S1-71184815	S2-434897211
S1-618704174	S3-456151183
S1-781264920	S3-36824892
S1-632088756	S2-461454382
S1-632088756	S3-668907666
S1-635481769	S2-264720910
S1-635481769	S3-194384041
S1-635481769	S3-863773329
S1-635481769	S3-594639667
S1-396923246	S2-55463095
S1-24424354	S3-862089762
S1-839680533	S3-723503170
S1-165879099	S3-225128055
S1-193618187	S2-641725400
S1-39113532	S3-398898051
S1-720025982	S2-666552651
S1-324704727	S3-843618513
S1-472872032	S3-292287572
S1-472872032	S3-98377200
S1-198675986	S2-957213140
S1-394705639	S3-597078852
S1-41261675	S2-849522794
S1-725540710	S3-874832190
S1-14516084	S2-318969298
S1-14516084	S3-342694025
S1-390872819	S3-748335272
S1-155714047	S3-870561286
S1-155714047	S3-569030469
S1-421140629	S3-125287699
S1-145562720	S3-753207574
S1-758070915	S3-980653264
S1-758070915	S3-121597783
S1-118502154	S3-592354415
S1-296237987	S2-153307795
S1-296237987	S3-811620250
S1-520027791	S2-262629705
S1-585559117	S3-747068282
S1-514444026	S2-65837570
S1-541652796	S3-377484195
S1-945924704	S3-136097792
S1-300912906	S3-238164062
S1-578174893	S3-955399846
S1-959673805	S3-936302297
